TimeStamp,Delta_TP9,Delta_AF7,Delta_AF8,Delta_TP10,Theta_TP9,Theta_AF7,Theta_AF8,Theta_TP10,Alpha_TP9,Alpha_AF7,Alpha_AF8,Alpha_TP10,Beta_TP9,Beta_AF7,Beta_AF8,Beta_TP10,Gamma_TP9,Gamma_AF7,Gamma_AF8,Gamma_TP10,RAW_TP9,RAW_AF7,RAW_AF8,RAW_TP10,AUX_RIGHT,AUX_LEFT,Accelerometer_X,Accelerometer_Y,Accelerometer_Z,Gyro_X,Gyro_Y,Gyro_Z,HeadBandOn,HSI_TP9,HSI_AF7,HSI_AF8,HSI_TP10,Battery,Elements
07:03.4,1.37498007,0.498459507,0.07669782,1.008027716,1.13665622,0.01657765,0.025489534,0.489601637,1.209397484,0.188093271,0.085955392,0.744198847,0.756109147,0.376514519,0.184033054,0.457394926,0.412026843,-0.142052056,-0.016681134,0.14007316,809.0842491,792.1611722,815.5311355,806.2637363,864.6886447,790.952381,0.139404,0.038635,0.969604,4.09729,4.695435,3.072968,1,1,1,1,1,65,
07:03.4,1.37498007,0.498459507,0.07669782,1.008027716,1.13665622,0.01657765,0.025489534,0.489601637,1.209397484,0.188093271,0.085955392,0.744198847,0.756109147,0.376514519,0.184033054,0.457394926,0.412026843,-0.142052056,-0.016681134,0.14007316,807.8754579,791.3553114,813.5164835,791.3553114,812.7106227,710.3663004,0.139404,0.038635,0.969604,4.09729,4.695435,3.072968,1,1,1,1,1,65,
07:03.4,1.37498007,0.498459507,0.07669782,1.008027716,1.13665622,0.01657765,0.025489534,0.489601637,1.209397484,0.188093271,0.085955392,0.744198847,0.756109147,0.376514519,0.184033054,0.457394926,0.412026843,-0.142052056,-0.016681134,0.14007316,806.6666667,790.952381,809.8901099,790.952381,823.1868132,738.5714286,0.136841,0.038818,0.973877,3.140259,5.8992,3.04306,1,1,1,1,1,65,
07:03.4,1.37498007,0.498459507,0.07669782,1.008027716,1.13665622,0.01657765,0.025489534,0.489601637,1.209397484,0.188093271,0.085955392,0.744198847,0.756109147,0.376514519,0.184033054,0.457394926,0.412026843,-0.142052056,-0.016681134,0.14007316,811.0989011,787.7289377,807.0695971,797.3992674,781.6849817,724.8717949,0.136841,0.038818,0.973877,3.140259,5.8992,3.04306,1,1,1,1,1,65,
07:03.4,1.37498007,0.498459507,0.07669782,1.008027716,1.13665622,0.01657765,0.025489534,0.489601637,1.209397484,0.188093271,0.085955392,0.744198847,0.756109147,0.376514519,0.184033054,0.457394926,0.412026843,-0.142052056,-0.016681134,0.14007316,810.2930403,792.5641026,809.8901099,796.996337,737.7655678,707.1428571,0.136841,0.038818,0.973877,3.140259,5.8992,3.04306,1,1,1,1,1,65,
07:03.4,1.37498007,0.498459507,0.07669782,1.008027716,1.13665622,0.01657765,0.025489534,0.489601637,1.209397484,0.188093271,0.085955392,0.744198847,0.756109147,0.376514519,0.184033054,0.457394926,0.412026843,-0.142052056,-0.016681134,0.14007316,804.6520147,799.010989,815.9340659,801.025641,793.7728938,718.8278388,0.136841,0.038818,0.973877,3.140259,5.8992,3.04306,1,1,1,1,1,65,
07:03.4,1.37498007,0.498459507,0.07669782,1.008027716,1.13665622,0.01657765,0.025489534,0.489601637,1.209397484,0.188093271,0.085955392,0.744198847,0.756109147,0.376514519,0.184033054,0.457394926,0.412026843,-0.142052056,-0.016681134,0.14007316,796.1904762,791.7582418,811.0989011,801.4285714,725.6776557,708.7545788,0.136841,0.038818,0.973877,3.140259,5.8992,3.04306,1,1,1,1,1,65,
07:03.4,1.37498007,0.407729957,0.158149909,1.008027716,1.13665622,-0.010406036,0.056098937,0.489601637,1.209397484,0.188093271,0.121453336,0.744198847,0.756109147,0.364227017,0.204788729,0.457394926,0.412026843,-0.163406182,-0.036354919,0.14007316,792.1611722,789.7435897,807.8754579,793.3699634,709.5604396,950.5128205,0.136841,0.038818,0.973877,3.140259,5.8992,3.04306,1,1,1,1,1,65,
07:03.4,1.37498007,0.407729957,0.158149909,1.008027716,1.13665622,-0.010406036,0.056098937,0.489601637,1.209397484,0.188093271,0.121453336,0.744198847,0.756109147,0.364227017,0.204788729,0.457394926,0.412026843,-0.163406182,-0.036354919,0.14007316,805.4578755,790.1465201,811.0989011,790.5494505,751.0622711,1021.831502,0.136841,0.038818,0.973877,3.140259,5.8992,3.04306,1,1,1,1,1,65,
07:03.4,1.37498007,0.407729957,0.158149909,1.008027716,1.13665622,-0.010406036,0.056098937,0.489601637,1.209397484,0.188093271,0.121453336,0.744198847,0.756109147,0.364227017,0.204788729,0.457394926,0.412026843,-0.163406182,-0.036354919,0.14007316,801.025641,788.1318681,810.6959707,790.1465201,772.014652,1047.619048,0.136841,0.038818,0.973877,3.140259,5.8992,3.04306,1,1,1,1,1,65,
07:03.4,1.37498007,0.407729957,0.158149909,1.008027716,1.13665622,-0.010406036,0.056098937,0.489601637,1.209397484,0.188093271,0.121453336,0.744198847,0.756109147,0.364227017,0.204788729,0.457394926,0.412026843,-0.163406182,-0.036354919,0.14007316,785.7142857,790.1465201,808.2783883,788.5347985,786.5201465,889.6703297,0.136841,0.038818,0.973877,3.140259,5.8992,3.04306,1,1,1,1,1,65,
07:03.4,1.37498007,0.407729957,0.158149909,1.008027716,1.13665622,-0.010406036,0.056098937,0.489601637,1.209397484,0.188093271,0.121453336,0.744198847,0.756109147,0.364227017,0.204788729,0.457394926,0.412026843,-0.163406182,-0.036354919,0.14007316,779.6703297,792.1611722,813.9194139,786.9230769,780.0732601,780.8791209,0.136841,0.038818,0.973877,3.140259,5.8992,3.04306,1,1,1,1,1,65,
07:03.4,1.37498007,0.407729957,0.158149909,1.008027716,1.13665622,-0.010406036,0.056098937,0.489601637,1.209397484,0.188093271,0.121453336,0.744198847,0.756109147,0.364227017,0.204788729,0.457394926,0.412026843,-0.163406182,-0.036354919,0.14007316,795.7875458,793.7728938,815.1282051,784.5054945,827.6190476,858.6446886,0.136841,0.038818,0.973877,3.140259,5.8992,3.04306,1,1,1,1,1,65,
07:03.4,1.37498007,0.407729957,0.158149909,1.008027716,1.13665622,-0.010406036,0.056098937,0.489601637,1.209397484,0.188093271,0.121453336,0.744198847,0.756109147,0.364227017,0.204788729,0.457394926,0.412026843,-0.163406182,-0.036354919,0.14007316,812.3076923,793.7728938,806.6666667,782.8937729,825.2014652,724.0659341,0.136841,0.038818,0.973877,3.140259,5.8992,3.04306,1,1,1,1,1,65,
07:03.4,1.37498007,0.407729957,0.158149909,1.008027716,1.13665622,-0.010406036,0.056098937,0.489601637,1.209397484,0.188093271,0.121453336,0.744198847,0.756109147,0.364227017,0.204788729,0.457394926,0.412026843,-0.163406182,-0.036354919,0.14007316,804.2490842,793.3699634,807.0695971,789.3406593,785.7142857,706.7399267,0.127014,0.029236,0.9776,2.990723,7.858124,2.519684,1,1,1,1,1,65,
07:03.4,1.37498007,0.407729957,0.158149909,1.008027716,1.13665622,-0.010406036,0.056098937,0.489601637,1.209397484,0.188093271,0.121453336,0.744198847,0.756109147,0.364227017,0.204788729,0.457394926,0.412026843,-0.163406182,-0.036354919,0.14007316,788.5347985,793.7728938,809.8901099,791.7582418,809.8901099,751.0622711,0.127014,0.029236,0.9776,2.990723,7.858124,2.519684,1,1,1,1,1,65,
07:03.4,1.37498007,0.407729957,0.158149909,1.008027716,1.13665622,-0.010406036,0.056098937,0.489601637,1.209397484,0.188093271,0.121453336,0.744198847,0.756109147,0.364227017,0.204788729,0.457394926,0.412026843,-0.163406182,-0.036354919,0.14007316,786.1172161,794.5787546,808.6813187,795.7875458,853.4065934,774.029304,0.127014,0.029236,0.9776,2.990723,7.858124,2.519684,1,1,1,1,1,65,
07:03.4,1.37498007,0.407729957,0.158149909,1.008027716,1.13665622,-0.010406036,0.056098937,0.489601637,1.209397484,0.188093271,0.121453336,0.744198847,0.756109147,0.364227017,0.204788729,0.457394926,0.412026843,-0.163406182,-0.036354919,0.14007316,796.996337,796.5934066,807.8754579,787.3260073,826.4102564,713.5897436,0.127014,0.029236,0.9776,2.990723,7.858124,2.519684,1,1,1,1,1,65,
07:03.4,1.37498007,0.407729957,0.158149909,1.008027716,1.13665622,-0.010406036,0.056098937,0.489601637,1.209397484,0.188093271,0.121453336,0.744198847,0.756109147,0.364227017,0.204788729,0.457394926,0.412026843,-0.163406182,-0.036354919,0.14007316,799.010989,793.3699634,808.2783883,777.2527473,789.3406593,751.0622711,0.127014,0.029236,0.9776,2.990723,7.858124,2.519684,1,1,1,1,1,65,
07:03.4,1.37498007,0.407729957,0.158149909,1.008027716,1.13665622,-0.010406036,0.056098937,0.489601637,1.209397484,0.188093271,0.121453336,0.744198847,0.756109147,0.364227017,0.204788729,0.457394926,0.412026843,-0.163406182,-0.036354919,0.14007316,799.8168498,795.3846154,808.6813187,784.9084249,775.6410256,1048.827839,0.127014,0.029236,0.9776,2.990723,7.858124,2.519684,1,1,1,1,1,65,
07:03.4,1.37498007,0.407729957,0.158149909,1.008027716,1.13665622,-0.010406036,0.056098937,0.489601637,1.209397484,0.188093271,0.121453336,0.744198847,0.756109147,0.364227017,0.204788729,0.457394926,0.412026843,-0.163406182,-0.036354919,0.14007316,792.1611722,794.5787546,805.0549451,783.2967033,752.6739927,1077.435897,0.127014,0.029236,0.9776,2.990723,7.858124,2.519684,1,1,1,1,1,65,
07:03.4,1.37498007,0.407729957,0.158149909,1.008027716,1.13665622,-0.010406036,0.056098937,0.489601637,1.209397484,0.188093271,0.121453336,0.744198847,0.756109147,0.364227017,0.204788729,0.457394926,0.412026843,-0.163406182,-0.036354919,0.14007316,782.4908425,788.9377289,803.8461538,781.6849817,716.4102564,738.1684982,0.127014,0.029236,0.9776,2.990723,7.858124,2.519684,1,1,1,1,1,65,
07:03.4,1.37498007,0.407729957,0.158149909,1.008027716,1.13665622,-0.010406036,0.056098937,0.489601637,1.209397484,0.188093271,0.121453336,0.744198847,0.756109147,0.364227017,0.204788729,0.457394926,0.412026843,-0.163406182,-0.036354919,0.14007316,789.7435897,791.7582418,803.4432234,781.2820513,740.1831502,630.1831502,0.127014,0.029236,0.9776,2.990723,7.858124,2.519684,1,1,1,1,1,65,
07:03.4,1.37498007,0.407729957,0.158149909,1.008027716,1.13665622,-0.010406036,0.056098937,0.489601637,1.209397484,0.188093271,0.121453336,0.744198847,0.756109147,0.364227017,0.204788729,0.457394926,0.412026843,-0.163406182,-0.036354919,0.14007316,803.040293,793.7728938,803.4432234,777.6556777,761.5384615,693.040293,0.127014,0.029236,0.9776,2.990723,7.858124,2.519684,1,1,1,1,1,65,
07:03.4,1.37498007,0.407729957,0.158149909,1.008027716,1.13665622,-0.010406036,0.056098937,0.489601637,1.209397484,0.188093271,0.121453336,0.744198847,0.756109147,0.364227017,0.204788729,0.457394926,0.412026843,-0.163406182,-0.036354919,0.14007316,809.0842491,795.7875458,801.8315018,784.9084249,730.5128205,655.5677656,0.127014,0.029236,0.9776,2.990723,7.858124,2.519684,1,1,1,1,1,65,
07:03.4,1.37498007,0.407729957,0.158149909,1.008027716,1.13665622,-0.010406036,0.056098937,0.489601637,1.209397484,0.188093271,0.121453336,0.744198847,0.756109147,0.364227017,0.204788729,0.457394926,0.412026843,-0.163406182,-0.036354919,0.14007316,797.8021978,792.1611722,802.6373626,788.5347985,763.1501832,660,0.127014,0.029236,0.9776,2.990723,7.858124,2.519684,1,1,1,1,1,65,
07:03.4,1.37498007,0.407729957,0.158149909,1.008027716,1.13665622,-0.010406036,0.056098937,0.489601637,1.209397484,0.188093271,0.121453336,0.744198847,0.756109147,0.364227017,0.204788729,0.457394926,0.412026843,-0.163406182,-0.036354919,0.14007316,789.3406593,786.5201465,803.8461538,784.9084249,840.9157509,848.5714286,0.122498,0.02948,0.98291,1.809387,12.561035,2.033691,1,1,1,1,1,65,
07:03.4,1.37498007,0.407729957,0.158149909,1.008027716,1.13665622,-0.010406036,0.056098937,0.489601637,1.209397484,0.188093271,0.121453336,0.744198847,0.756109147,0.364227017,0.204788729,0.457394926,0.412026843,-0.163406182,-0.036354919,0.14007316,787.7289377,788.5347985,804.2490842,780.8791209,834.0659341,859.4505495,0.122498,0.02948,0.98291,1.809387,12.561035,2.033691,1,1,1,1,1,65,
07:03.4,1.37498007,0.407729957,0.158149909,1.008027716,1.13665622,-0.010406036,0.056098937,0.489601637,1.209397484,0.188093271,0.121453336,0.744198847,0.756109147,0.364227017,0.204788729,0.457394926,0.412026843,-0.163406182,-0.036354919,0.14007316,795.3846154,795.7875458,809.4871795,785.3113553,838.9010989,745.4212454,0.122498,0.02948,0.98291,1.809387,12.561035,2.033691,1,1,1,1,1,65,
07:03.4,1.37498007,0.407729957,0.158149909,1.008027716,1.13665622,-0.010406036,0.056098937,0.489601637,1.209397484,0.188093271,0.121453336,0.744198847,0.756109147,0.364227017,0.204788729,0.457394926,0.412026843,-0.163406182,-0.036354919,0.14007316,810.6959707,799.4139194,811.9047619,791.3553114,855.4212454,769.1941392,0.122498,0.02948,0.98291,1.809387,12.561035,2.033691,1,1,1,1,1,65,
07:03.4,1.37498007,0.407729957,0.158149909,1.008027716,1.13665622,-0.010406036,0.056098937,0.489601637,1.209397484,0.188093271,0.121453336,0.744198847,0.756109147,0.364227017,0.204788729,0.457394926,0.412026843,-0.163406182,-0.036354919,0.14007316,798.2051282,796.996337,811.0989011,790.952381,811.9047619,747.8388278,0.122498,0.02948,0.98291,1.809387,12.561035,2.033691,1,1,1,1,1,65,
07:03.4,1.37498007,0.407729957,0.158149909,1.008027716,1.13665622,-0.010406036,0.056098937,0.489601637,1.209397484,0.188093271,0.121453336,0.744198847,0.756109147,0.364227017,0.204788729,0.457394926,0.412026843,-0.163406182,-0.036354919,0.14007316,780.4761905,792.5641026,808.2783883,781.2820513,791.7582418,949.3040293,0.122498,0.02948,0.98291,1.809387,12.561035,2.033691,1,1,1,1,1,65,
07:03.4,1.37498007,0.407729957,0.158149909,1.008027716,1.13665622,-0.010406036,0.056098937,0.489601637,1.209397484,0.188093271,0.121453336,0.744198847,0.756109147,0.364227017,0.204788729,0.457394926,0.412026843,-0.163406182,-0.036354919,0.14007316,785.3113553,791.7582418,805.8608059,778.0586081,843.7362637,1126.996337,0.122498,0.02948,0.98291,1.809387,12.561035,2.033691,1,1,1,1,1,65,
07:03.4,1.37498007,0.269019566,0.260942089,1.008027716,1.13665622,-0.046442331,0.073847602,0.489601637,1.209397484,0.187533188,0.171921708,0.744198847,0.756109147,0.353835762,0.218477161,0.457394926,0.412026843,-0.176962024,-0.062493226,0.14007316,796.996337,790.5494505,809.0842491,788.5347985,810.6959707,1006.923077,0.122498,0.02948,0.98291,1.809387,12.561035,2.033691,1,1,1,1,1,65,
07:03.4,1.37498007,0.269019566,0.260942089,1.008027716,1.13665622,-0.046442331,0.073847602,0.489601637,1.209397484,0.187533188,0.171921708,0.744198847,0.756109147,0.353835762,0.218477161,0.457394926,0.412026843,-0.176962024,-0.062493226,0.14007316,804.6520147,790.1465201,807.8754579,787.7289377,759.5238095,849.7802198,0.122498,0.02948,0.98291,1.809387,12.561035,2.033691,1,1,1,1,1,65,
07:03.4,1.37498007,0.269019566,0.260942089,1.008027716,1.13665622,-0.046442331,0.073847602,0.489601637,1.209397484,0.187533188,0.171921708,0.744198847,0.756109147,0.353835762,0.218477161,0.457394926,0.412026843,-0.176962024,-0.062493226,0.14007316,794.981685,793.7728938,809.0842491,788.5347985,791.7582418,748.2417582,0.122498,0.02948,0.98291,1.809387,12.561035,2.033691,1,1,1,1,1,65,
07:03.4,1.37498007,0.269019566,0.260942089,1.008027716,1.13665622,-0.046442331,0.073847602,0.489601637,1.209397484,0.187533188,0.171921708,0.744198847,0.756109147,0.353835762,0.218477161,0.457394926,0.412026843,-0.176962024,-0.062493226,0.14007316,778.0586081,792.967033,811.9047619,788.1318681,704.7252747,605.6043956,0.122498,0.02948,0.98291,1.809387,12.561035,2.033691,1,1,1,1,1,65,
07:03.4,1.37498007,0.269019566,0.260942089,1.008027716,1.13665622,-0.046442331,0.073847602,0.489601637,1.209397484,0.187533188,0.171921708,0.744198847,0.756109147,0.353835762,0.218477161,0.457394926,0.412026843,-0.176962024,-0.062493226,0.14007316,780.4761905,794.981685,808.6813187,778.4615385,738.1684982,603.5897436,0.122498,0.02948,0.98291,1.809387,12.561035,2.033691,1,1,1,1,1,65,
07:03.4,1.37498007,0.269019566,0.260942089,1.008027716,1.13665622,-0.046442331,0.073847602,0.489601637,1.209397484,0.187533188,0.171921708,0.744198847,0.756109147,0.353835762,0.218477161,0.457394926,0.412026843,-0.176962024,-0.062493226,0.14007316,791.3553114,794.5787546,806.6666667,784.1025641,809.0842491,689.8168498,0.122498,0.02948,0.98291,1.809387,12.561035,2.033691,1,1,1,1,1,65,
07:03.4,1.37498007,0.269019566,0.260942089,1.008027716,1.13665622,-0.046442331,0.073847602,0.489601637,1.209397484,0.187533188,0.171921708,0.744198847,0.756109147,0.353835762,0.218477161,0.457394926,0.412026843,-0.176962024,-0.062493226,0.14007316,805.4578755,796.1904762,804.2490842,794.1758242,774.4322344,685.7875458,0.122498,0.02948,0.98291,1.809387,12.561035,2.033691,1,1,1,1,1,65,
07:03.4,1.37498007,0.269019566,0.260942089,1.008027716,1.13665622,-0.046442331,0.073847602,0.489601637,1.209397484,0.187533188,0.171921708,0.744198847,0.756109147,0.353835762,0.218477161,0.457394926,0.412026843,-0.176962024,-0.062493226,0.14007316,805.4578755,799.8168498,802.2344322,797.3992674,827.2161172,755.8974359,0.122498,0.02948,0.98291,1.809387,12.561035,2.033691,1,1,1,1,1,65,
07:03.4,1.37498007,0.269019566,0.260942089,1.008027716,1.13665622,-0.046442331,0.073847602,0.489601637,1.209397484,0.187533188,0.171921708,0.744198847,0.756109147,0.353835762,0.218477161,0.457394926,0.412026843,-0.176962024,-0.062493226,0.14007316,788.5347985,796.996337,802.2344322,789.3406593,828.8278388,846.959707,0.122498,0.02948,0.98291,1.809387,12.561035,2.033691,1,1,1,1,1,65,
07:03.4,1.37498007,0.269019566,0.260942089,1.008027716,1.13665622,-0.046442331,0.073847602,0.489601637,1.209397484,0.187533188,0.171921708,0.744198847,0.756109147,0.353835762,0.218477161,0.457394926,0.412026843,-0.176962024,-0.062493226,0.14007316,786.1172161,794.981685,803.8461538,786.5201465,741.7948718,756.7032967,0.122498,0.02948,0.98291,1.809387,12.561035,2.033691,1,1,1,1,1,65,
07:03.4,1.37498007,0.269019566,0.260942089,1.008027716,1.13665622,-0.046442331,0.073847602,0.489601637,1.209397484,0.187533188,0.171921708,0.744198847,0.756109147,0.353835762,0.218477161,0.457394926,0.412026843,-0.176962024,-0.062493226,0.14007316,799.010989,797.8021978,801.4285714,791.7582418,767.5824176,855.8241758,0.122498,0.02948,0.98291,1.809387,12.561035,2.033691,1,1,1,1,1,65,
07:03.4,1.37498007,0.269019566,0.260942089,1.008027716,1.13665622,-0.046442331,0.073847602,0.489601637,1.209397484,0.187533188,0.171921708,0.744198847,0.756109147,0.353835762,0.218477161,0.457394926,0.412026843,-0.176962024,-0.062493226,0.14007316,817.5457875,805.8608059,797.3992674,793.7728938,847.7655678,1066.959707,0.122498,0.02948,0.98291,1.809387,12.561035,2.033691,1,1,1,1,1,65,
07:03.4,1.37498007,0.269019566,0.260942089,1.008027716,1.13665622,-0.046442331,0.073847602,0.489601637,1.209397484,0.187533188,0.171921708,0.744198847,0.756109147,0.353835762,0.218477161,0.457394926,0.412026843,-0.176962024,-0.062493226,0.14007316,803.040293,803.040293,798.6080586,799.8168498,846.959707,962.6007326,0.122498,0.02948,0.98291,1.809387,12.561035,2.033691,1,1,1,1,1,65,
07:03.4,1.37498007,0.269019566,0.260942089,1.008027716,1.13665622,-0.046442331,0.073847602,0.489601637,1.209397484,0.187533188,0.171921708,0.744198847,0.756109147,0.353835762,0.218477161,0.457394926,0.412026843,-0.176962024,-0.062493226,0.14007316,783.6996337,792.1611722,799.8168498,801.025641,834.0659341,757.5091575,0.122498,0.02948,0.98291,1.809387,12.561035,2.033691,1,1,1,1,1,65,
07:03.4,1.37498007,0.269019566,0.260942089,1.008027716,1.13665622,-0.046442331,0.073847602,0.489601637,1.209397484,0.187533188,0.171921708,0.744198847,0.756109147,0.353835762,0.218477161,0.457394926,0.412026843,-0.176962024,-0.062493226,0.14007316,785.3113553,792.5641026,800.2197802,795.3846154,802.6373626,685.3846154,0.122498,0.02948,0.98291,1.809387,12.561035,2.033691,1,1,1,1,1,65,
07:03.4,1.37498007,0.269019566,0.260942089,1.008027716,1.13665622,-0.046442331,0.073847602,0.489601637,1.209397484,0.187533188,0.171921708,0.744198847,0.756109147,0.353835762,0.218477161,0.457394926,0.412026843,-0.176962024,-0.062493226,0.14007316,791.3553114,802.6373626,800.6227106,801.025641,837.2893773,711.5750916,0.122498,0.02948,0.98291,1.809387,12.561035,2.033691,1,1,1,1,1,65,
07:03.4,1.37498007,0.269019566,0.260942089,1.008027716,1.13665622,-0.046442331,0.073847602,0.489601637,1.209397484,0.187533188,0.171921708,0.744198847,0.756109147,0.353835762,0.218477161,0.457394926,0.412026843,-0.176962024,-0.062493226,0.14007316,803.4432234,806.6666667,801.4285714,814.3223443,858.2417582,749.4505495,0.122498,0.02948,0.98291,1.809387,12.561035,2.033691,1,1,1,1,1,65,
07:03.4,1.37498007,0.269019566,0.260942089,1.008027716,1.13665622,-0.046442331,0.073847602,0.489601637,1.209397484,0.187533188,0.171921708,0.744198847,0.756109147,0.353835762,0.218477161,0.457394926,0.412026843,-0.176962024,-0.062493226,0.14007316,790.952381,801.025641,799.8168498,809.4871795,809.4871795,734.1391941,0.108826,0.020386,0.978027,1.465454,12.598419,1.540222,1,1,1,1,1,65,
07:03.4,1.37498007,0.269019566,0.260942089,1.008027716,1.13665622,-0.046442331,0.073847602,0.489601637,1.209397484,0.187533188,0.171921708,0.744198847,0.756109147,0.353835762,0.218477161,0.457394926,0.412026843,-0.176962024,-0.062493226,0.14007316,783.2967033,800.6227106,799.010989,799.8168498,783.2967033,724.0659341,0.108826,0.020386,0.978027,1.465454,12.598419,1.540222,1,1,1,1,1,65,
07:03.4,1.37498007,0.269019566,0.260942089,1.008027716,1.13665622,-0.046442331,0.073847602,0.489601637,1.209397484,0.187533188,0.171921708,0.744198847,0.756109147,0.353835762,0.218477161,0.457394926,0.412026843,-0.176962024,-0.062493226,0.14007316,784.9084249,796.996337,795.3846154,797.3992674,816.7399267,743.8095238,0.108826,0.020386,0.978027,1.465454,12.598419,1.540222,1,1,1,1,1,65,
07:03.4,1.37498007,0.269019566,0.260942089,1.008027716,1.13665622,-0.046442331,0.073847602,0.489601637,1.209397484,0.187533188,0.171921708,0.744198847,0.756109147,0.353835762,0.218477161,0.457394926,0.412026843,-0.176962024,-0.062493226,0.14007316,786.9230769,792.5641026,796.996337,797.3992674,803.4432234,716.4102564,0.108826,0.020386,0.978027,1.465454,12.598419,1.540222,1,1,1,1,1,65,
07:03.4,1.37498007,0.269019566,0.260942089,1.008027716,1.13665622,-0.046442331,0.073847602,0.489601637,1.209397484,0.187533188,0.171921708,0.744198847,0.756109147,0.353835762,0.218477161,0.457394926,0.412026843,-0.176962024,-0.062493226,0.14007316,803.4432234,796.1904762,801.4285714,801.8315018,817.1428571,742.6007326,0.108826,0.020386,0.978027,1.465454,12.598419,1.540222,1,1,1,1,1,65,
07:03.4,1.37498007,0.269019566,0.260942089,1.008027716,1.13665622,-0.046442331,0.073847602,0.489601637,1.209397484,0.187533188,0.171921708,0.744198847,0.756109147,0.353835762,0.218477161,0.457394926,0.412026843,-0.176962024,-0.062493226,0.14007316,805.4578755,801.4285714,804.6520147,807.4725275,867.9120879,929.96337,0.108826,0.020386,0.978027,1.465454,12.598419,1.540222,1,1,1,1,1,65,
07:03.4,1.37498007,0.269019566,0.260942089,1.008027716,1.13665622,-0.046442331,0.073847602,0.489601637,1.209397484,0.187533188,0.171921708,0.744198847,0.756109147,0.353835762,0.218477161,0.457394926,0.412026843,-0.176962024,-0.062493226,0.14007316,785.3113553,802.6373626,806.6666667,811.5018315,836.8864469,1007.728938,0.108826,0.020386,0.978027,1.465454,12.598419,1.540222,1,1,1,1,1,65,
07:03.4,1.37498007,0.269019566,0.260942089,1.008027716,1.13665622,-0.046442331,0.073847602,0.489601637,1.209397484,0.187533188,0.171921708,0.744198847,0.756109147,0.353835762,0.218477161,0.457394926,0.412026843,-0.176962024,-0.062493226,0.14007316,778.8644689,801.025641,805.0549451,807.4725275,743.8095238,966.6300366,0.108826,0.020386,0.978027,1.465454,12.598419,1.540222,1,1,1,1,1,65,
07:03.4,1.37498007,0.269019566,0.260942089,1.008027716,1.13665622,-0.046442331,0.073847602,0.489601637,1.209397484,0.187533188,0.171921708,0.744198847,0.756109147,0.353835762,0.218477161,0.457394926,0.412026843,-0.176962024,-0.062493226,0.14007316,794.5787546,802.6373626,807.4725275,798.2051282,751.4652015,1024.249084,0.108826,0.020386,0.978027,1.465454,12.598419,1.540222,1,1,1,1,1,65,
07:03.4,1.37498007,0.100384054,0.368188054,1.008027716,1.13665622,-0.086323297,0.077974846,0.489601637,1.209397484,0.187261905,0.160112248,0.744198847,0.756109147,0.342585505,0.22593263,0.457394926,0.412026843,-0.185498814,-0.093566121,0.14007316,803.040293,799.4139194,802.2344322,801.4285714,767.1794872,867.9120879,0.108826,0.020386,0.978027,1.465454,12.598419,1.540222,1,1,1,1,1,65,
07:03.4,1.37498007,0.100384054,0.368188054,1.008027716,1.13665622,-0.086323297,0.077974846,0.489601637,1.209397484,0.187261905,0.160112248,0.744198847,0.756109147,0.342585505,0.22593263,0.457394926,0.412026843,-0.185498814,-0.093566121,0.14007316,794.5787546,796.996337,799.4139194,808.2783883,815.1282051,730.1098901,0.108826,0.020386,0.978027,1.465454,12.598419,1.540222,1,1,1,1,1,65,
07:03.4,1.37498007,0.100384054,0.368188054,1.008027716,1.13665622,-0.086323297,0.077974846,0.489601637,1.209397484,0.187261905,0.160112248,0.744198847,0.756109147,0.342585505,0.22593263,0.457394926,0.412026843,-0.185498814,-0.093566121,0.14007316,784.1025641,797.3992674,802.2344322,805.4578755,803.040293,709.96337,0.108826,0.020386,0.978027,1.465454,12.598419,1.540222,1,1,1,1,1,65,
07:03.4,1.37498007,0.100384054,0.368188054,1.008027716,1.13665622,-0.086323297,0.077974846,0.489601637,1.209397484,0.187261905,0.160112248,0.744198847,0.756109147,0.342585505,0.22593263,0.457394926,0.412026843,-0.185498814,-0.093566121,0.14007316,776.8498168,797.3992674,803.8461538,805.8608059,757.5091575,663.6263736,0.094727,0.022156,0.962036,3.760834,9.555359,2.811279,1,1,1,1,1,65,
07:03.4,1.37498007,0.100384054,0.368188054,1.008027716,1.13665622,-0.086323297,0.077974846,0.489601637,1.209397484,0.187261905,0.160112248,0.744198847,0.756109147,0.342585505,0.22593263,0.457394926,0.412026843,-0.185498814,-0.093566121,0.14007316,782.8937729,793.3699634,802.6373626,807.4725275,805.8608059,711.1721612,0.094727,0.022156,0.962036,3.760834,9.555359,2.811279,1,1,1,1,1,65,
07:03.4,1.37498007,0.100384054,0.368188054,1.008027716,1.13665622,-0.086323297,0.077974846,0.489601637,1.209397484,0.187261905,0.160112248,0.744198847,0.756109147,0.342585505,0.22593263,0.457394926,0.412026843,-0.185498814,-0.093566121,0.14007316,800.2197802,794.981685,801.8315018,808.6813187,812.3076923,730.1098901,0.094727,0.022156,0.962036,3.760834,9.555359,2.811279,1,1,1,1,1,65,
07:03.4,1.37498007,0.100384054,0.368188054,1.008027716,1.13665622,-0.086323297,0.077974846,0.489601637,1.209397484,0.187261905,0.160112248,0.744198847,0.756109147,0.342585505,0.22593263,0.457394926,0.412026843,-0.185498814,-0.093566121,0.14007316,796.996337,800.2197802,802.2344322,811.5018315,786.5201465,675.3113553,0.094727,0.022156,0.962036,3.760834,9.555359,2.811279,1,1,1,1,1,65,
07:03.4,1.37498007,0.100384054,0.368188054,1.008027716,1.13665622,-0.086323297,0.077974846,0.489601637,1.209397484,0.187261905,0.160112248,0.744198847,0.756109147,0.342585505,0.22593263,0.457394926,0.412026843,-0.185498814,-0.093566121,0.14007316,787.3260073,802.2344322,800.2197802,807.8754579,791.3553114,836.0805861,0.094727,0.022156,0.962036,3.760834,9.555359,2.811279,1,1,1,1,1,65,
07:03.4,1.37498007,0.100384054,0.368188054,1.008027716,1.13665622,-0.086323297,0.077974846,0.489601637,1.209397484,0.187261905,0.160112248,0.744198847,0.756109147,0.342585505,0.22593263,0.457394926,0.412026843,-0.185498814,-0.093566121,0.14007316,783.6996337,806.6666667,801.025641,805.0549451,817.5457875,1068.168498,0.094727,0.022156,0.962036,3.760834,9.555359,2.811279,1,1,1,1,1,65,
07:03.4,1.37498007,0.100384054,0.368188054,1.008027716,1.13665622,-0.086323297,0.077974846,0.489601637,1.209397484,0.187261905,0.160112248,0.744198847,0.756109147,0.342585505,0.22593263,0.457394926,0.412026843,-0.185498814,-0.093566121,0.14007316,784.9084249,805.8608059,805.8608059,804.2490842,771.6117216,965.8241758,0.094727,0.022156,0.962036,3.760834,9.555359,2.811279,1,1,1,1,1,65,
07:03.4,1.37498007,0.100384054,0.368188054,1.008027716,1.13665622,-0.086323297,0.077974846,0.489601637,1.209397484,0.187261905,0.160112248,0.744198847,0.756109147,0.342585505,0.22593263,0.457394926,0.412026843,-0.185498814,-0.093566121,0.14007316,788.1318681,804.6520147,804.2490842,808.2783883,825.2014652,864.2857143,0.094727,0.022156,0.962036,3.760834,9.555359,2.811279,1,1,1,1,1,65,
07:03.4,1.37498007,0.100384054,0.368188054,1.008027716,1.13665622,-0.086323297,0.077974846,0.489601637,1.209397484,0.187261905,0.160112248,0.744198847,0.756109147,0.342585505,0.22593263,0.457394926,0.412026843,-0.185498814,-0.093566121,0.14007316,792.5641026,803.040293,796.5934066,805.0549451,848.5714286,770.4029304,0.094727,0.022156,0.962036,3.760834,9.555359,2.811279,1,1,1,1,1,65,
07:03.4,1.37498007,0.100384054,0.368188054,1.008027716,1.13665622,-0.086323297,0.077974846,0.489601637,1.209397484,0.187261905,0.160112248,0.744198847,0.756109147,0.342585505,0.22593263,0.457394926,0.412026843,-0.185498814,-0.093566121,0.14007316,789.7435897,802.6373626,791.7582418,797.8021978,875.1648352,915.0549451,0.094727,0.022156,0.962036,3.760834,9.555359,2.811279,1,1,1,1,1,65,
07:03.4,1.37498007,0.100384054,0.368188054,1.008027716,1.13665622,-0.086323297,0.077974846,0.489601637,1.209397484,0.187261905,0.160112248,0.744198847,0.756109147,0.342585505,0.22593263,0.457394926,0.412026843,-0.185498814,-0.093566121,0.14007316,772.4175824,802.6373626,792.1611722,799.8168498,904.5787546,886.043956,0.094727,0.022156,0.962036,3.760834,9.555359,2.811279,1,1,1,1,1,65,
07:03.4,1.37498007,0.100384054,0.368188054,1.008027716,1.13665622,-0.086323297,0.077974846,0.489601637,1.209397484,0.187261905,0.160112248,0.744198847,0.756109147,0.342585505,0.22593263,0.457394926,0.412026843,-0.185498814,-0.093566121,0.14007316,771.6117216,799.010989,793.3699634,802.6373626,807.4725275,685.7875458,0.094727,0.022156,0.962036,3.760834,9.555359,2.811279,1,1,1,1,1,65,
07:03.4,1.37498007,0.100384054,0.368188054,1.008027716,1.13665622,-0.086323297,0.077974846,0.489601637,1.209397484,0.187261905,0.160112248,0.744198847,0.756109147,0.342585505,0.22593263,0.457394926,0.412026843,-0.185498814,-0.093566121,0.14007316,781.6849817,800.6227106,792.1611722,803.8461538,708.7545788,628.974359,0.090027,0.025024,0.942688,4.702911,4.687958,5.15152,1,1,1,1,1,65,
07:03.4,1.37498007,0.100384054,0.368188054,1.008027716,1.13665622,-0.086323297,0.077974846,0.489601637,1.209397484,0.187261905,0.160112248,0.744198847,0.756109147,0.342585505,0.22593263,0.457394926,0.412026843,-0.185498814,-0.093566121,0.14007316,787.3260073,803.040293,791.3553114,805.0549451,687.3992674,628.1684982,0.090027,0.025024,0.942688,4.702911,4.687958,5.15152,1,1,1,1,1,65,
07:03.4,1.37498007,0.100384054,0.368188054,1.008027716,1.13665622,-0.086323297,0.077974846,0.489601637,1.209397484,0.187261905,0.160112248,0.744198847,0.756109147,0.342585505,0.22593263,0.457394926,0.412026843,-0.185498814,-0.093566121,0.14007316,778.4615385,804.6520147,793.7728938,796.5934066,704.3223443,653.956044,0.090027,0.025024,0.942688,4.702911,4.687958,5.15152,1,1,1,1,1,65,
07:03.4,1.37498007,0.100384054,0.368188054,1.008027716,1.13665622,-0.086323297,0.077974846,0.489601637,1.209397484,0.187261905,0.160112248,0.744198847,0.756109147,0.342585505,0.22593263,0.457394926,0.412026843,-0.185498814,-0.093566121,0.14007316,760.3296703,799.010989,793.3699634,786.9230769,725.2747253,626.5567766,0.090027,0.025024,0.942688,4.702911,4.687958,5.15152,1,1,1,1,1,65,
07:03.4,1.37498007,0.100384054,0.368188054,1.008027716,1.13665622,-0.086323297,0.077974846,0.489601637,1.209397484,0.187261905,0.160112248,0.744198847,0.756109147,0.342585505,0.22593263,0.457394926,0.412026843,-0.185498814,-0.093566121,0.14007316,759.1208791,796.1904762,794.1758242,782.8937729,737.7655678,699.4871795,0.090027,0.025024,0.942688,4.702911,4.687958,5.15152,1,1,1,1,1,65,
07:03.4,1.37498007,0.100384054,0.368188054,1.008027716,1.13665622,-0.086323297,0.077974846,0.489601637,1.209397484,0.187261905,0.160112248,0.744198847,0.756109147,0.342585505,0.22593263,0.457394926,0.412026843,-0.185498814,-0.093566121,0.14007316,774.8351648,799.8168498,794.981685,775.2380952,761.5384615,977.9120879,0.090027,0.025024,0.942688,4.702911,4.687958,5.15152,1,1,1,1,1,65,
07:03.4,1.37498007,0.100384054,0.368188054,1.008027716,1.13665622,-0.086323297,0.077974846,0.489601637,1.209397484,0.187261905,0.160112248,0.744198847,0.756109147,0.342585505,0.22593263,0.457394926,0.412026843,-0.185498814,-0.093566121,0.14007316,784.1025641,796.1904762,790.5494505,777.2527473,736.959707,979.5238095,0.090027,0.025024,0.942688,4.702911,4.687958,5.15152,1,1,1,1,1,65,
07:03.4,1.37498007,0.100384054,0.368188054,1.008027716,1.13665622,-0.086323297,0.077974846,0.489601637,1.209397484,0.187261905,0.160112248,0.744198847,0.756109147,0.342585505,0.22593263,0.457394926,0.412026843,-0.185498814,-0.093566121,0.14007316,782.0879121,794.981685,790.5494505,784.1025641,727.2893773,920.2930403,0.090027,0.025024,0.942688,4.702911,4.687958,5.15152,1,1,1,1,1,65,
07:03.4,1.37498007,0.100384054,0.368188054,1.008027716,1.13665622,-0.086323297,0.077974846,0.489601637,1.209397484,0.187261905,0.160112248,0.744198847,0.756109147,0.342585505,0.22593263,0.457394926,0.412026843,-0.185498814,-0.093566121,0.14007316,775.2380952,792.5641026,792.5641026,783.2967033,811.5018315,922.7106227,0.090027,0.025024,0.942688,4.702911,4.687958,5.15152,1,1,1,1,1,65,
07:03.4,1.37498007,0.100384054,0.368188054,1.008027716,1.13665622,-0.086323297,0.077974846,0.489601637,1.209397484,0.187261905,0.160112248,0.744198847,0.756109147,0.342585505,0.22593263,0.457394926,0.412026843,-0.185498814,-0.093566121,0.14007316,767.1794872,790.5494505,790.952381,773.6263736,833.2600733,791.7582418,0.090027,0.025024,0.942688,4.702911,4.687958,5.15152,1,1,1,1,1,65,
07:03.4,1.37498007,0.100384054,0.368188054,1.008027716,1.13665622,-0.086323297,0.077974846,0.489601637,1.209397484,0.187261905,0.160112248,0.744198847,0.756109147,0.342585505,0.22593263,0.457394926,0.412026843,-0.185498814,-0.093566121,0.14007316,774.029304,794.1758242,791.7582418,772.014652,846.959707,705.1282051,0.090027,0.025024,0.942688,4.702911,4.687958,5.15152,1,1,1,1,1,65,
07:03.4,1.37498007,-0.05278828,0.466864297,1.008027716,1.13665622,-0.121380564,0.070366699,0.489601637,1.209397484,0.187261905,0.160112248,0.744198847,0.756109147,0.326135582,0.22921078,0.457394926,0.412026843,-0.192843046,-0.130173842,0.14007316,784.5054945,796.996337,794.981685,779.6703297,844.1391941,732.1245421,0.090027,0.025024,0.942688,4.702911,4.687958,5.15152,1,1,1,1,1,65,
07:03.5,1.37498007,-0.05278828,0.466864297,1.008027716,1.13665622,-0.121380564,0.070366699,0.489601637,1.209397484,0.187261905,0.160112248,0.744198847,0.756109147,0.326135582,0.22921078,0.457394926,0.412026843,-0.192843046,-0.130173842,0.14007316,780.8791209,791.3553114,796.1904762,784.1025641,849.3772894,873.1501832,0.095947,0.03656,0.973083,5.301056,0.441132,3.820648,1,1,1,1,1,65,
07:03.5,1.37498007,-0.05278828,0.466864297,1.008027716,1.13665622,-0.121380564,0.070366699,0.489601637,1.209397484,0.187261905,0.160112248,0.744198847,0.756109147,0.326135582,0.22921078,0.457394926,0.412026843,-0.192843046,-0.130173842,0.14007316,776.4468864,788.9377289,797.3992674,785.7142857,838.9010989,816.3369963,0.095947,0.03656,0.973083,5.301056,0.441132,3.820648,1,1,1,1,1,65,
07:03.5,1.37498007,-0.05278828,0.466864297,1.008027716,1.13665622,-0.121380564,0.070366699,0.489601637,1.209397484,0.187261905,0.160112248,0.744198847,0.756109147,0.326135582,0.22921078,0.457394926,0.412026843,-0.192843046,-0.130173842,0.14007316,782.0879121,792.967033,795.3846154,782.0879121,749.047619,611.2454212,0.095947,0.03656,0.973083,5.301056,0.441132,3.820648,1,1,1,1,1,65,
07:03.5,1.37498007,-0.05278828,0.466864297,1.008027716,1.13665622,-0.121380564,0.070366699,0.489601637,1.209397484,0.187261905,0.160112248,0.744198847,0.756109147,0.326135582,0.22921078,0.457394926,0.412026843,-0.192843046,-0.130173842,0.14007316,794.1758242,796.5934066,796.996337,781.6849817,772.4175824,653.5531136,0.095947,0.03656,0.973083,5.301056,0.441132,3.820648,1,1,1,1,1,65,
07:03.5,1.37498007,-0.05278828,0.466864297,1.008027716,1.13665622,-0.121380564,0.070366699,0.489601637,1.209397484,0.187261905,0.160112248,0.744198847,0.756109147,0.326135582,0.22921078,0.457394926,0.412026843,-0.192843046,-0.130173842,0.14007316,805.4578755,796.996337,794.1758242,786.5201465,830.4395604,724.0659341,0.095947,0.03656,0.973083,5.301056,0.441132,3.820648,1,1,1,1,1,65,
07:03.5,1.37498007,-0.05278828,0.466864297,1.008027716,1.13665622,-0.121380564,0.070366699,0.489601637,1.209397484,0.187261905,0.160112248,0.744198847,0.756109147,0.326135582,0.22921078,0.457394926,0.412026843,-0.192843046,-0.130173842,0.14007316,808.6813187,795.7875458,792.967033,790.952381,870.7326007,911.4285714,0.095947,0.03656,0.973083,5.301056,0.441132,3.820648,1,1,1,1,1,65,
07:03.5,1.37498007,-0.05278828,0.466864297,1.008027716,1.13665622,-0.121380564,0.070366699,0.489601637,1.209397484,0.187261905,0.160112248,0.744198847,0.756109147,0.326135582,0.22921078,0.457394926,0.412026843,-0.192843046,-0.130173842,0.14007316,802.2344322,795.3846154,797.3992674,797.8021978,821.5750916,1039.157509,0.095947,0.03656,0.973083,5.301056,0.441132,3.820648,1,1,1,1,1,65,
07:03.5,1.37498007,-0.05278828,0.466864297,1.008027716,1.13665622,-0.121380564,0.070366699,0.489601637,1.209397484,0.187261905,0.160112248,0.744198847,0.756109147,0.326135582,0.22921078,0.457394926,0.412026843,-0.192843046,-0.130173842,0.14007316,803.4432234,790.5494505,796.1904762,797.8021978,749.8534799,827.6190476,0.095947,0.03656,0.973083,5.301056,0.441132,3.820648,1,1,1,1,1,65,
07:03.5,1.37498007,-0.05278828,0.466864297,1.008027716,1.13665622,-0.121380564,0.070366699,0.489601637,1.209397484,0.187261905,0.160112248,0.744198847,0.756109147,0.326135582,0.22921078,0.457394926,0.412026843,-0.192843046,-0.130173842,0.14007316,809.4871795,788.1318681,800.2197802,793.3699634,799.010989,689.4139194,0.095947,0.03656,0.973083,5.301056,0.441132,3.820648,1,1,1,1,1,65,
07:03.5,1.37498007,-0.05278828,0.466864297,1.008027716,1.13665622,-0.121380564,0.070366699,0.489601637,1.209397484,0.187261905,0.160112248,0.744198847,0.756109147,0.326135582,0.22921078,0.457394926,0.412026843,-0.192843046,-0.130173842,0.14007316,811.9047619,792.967033,804.2490842,799.010989,836.8864469,742.6007326,0.095947,0.03656,0.973083,5.301056,0.441132,3.820648,1,1,1,1,1,65,
07:03.5,1.37498007,-0.05278828,0.466864297,1.008027716,1.13665622,-0.121380564,0.070366699,0.489601637,1.209397484,0.187261905,0.160112248,0.744198847,0.756109147,0.326135582,0.22921078,0.457394926,0.412026843,-0.192843046,-0.130173842,0.14007316,810.6959707,795.3846154,803.8461538,803.040293,806.2637363,714.7985348,0.095947,0.03656,0.973083,5.301056,0.441132,3.820648,1,1,1,1,1,65,
07:03.5,1.37498007,-0.05278828,0.466864297,1.008027716,1.13665622,-0.121380564,0.070366699,0.489601637,1.209397484,0.187261905,0.160112248,0.744198847,0.756109147,0.326135582,0.22921078,0.457394926,0.412026843,-0.192843046,-0.130173842,0.14007316,796.1904762,796.1904762,803.8461538,797.3992674,819.1575092,745.8241758,0.095947,0.03656,0.973083,5.301056,0.441132,3.820648,1,1,1,1,1,65,
07:03.6,1.37498007,-0.05278828,0.466864297,1.008027716,1.13665622,-0.121380564,0.070366699,0.489601637,1.209397484,0.187261905,0.160112248,0.744198847,0.756109147,0.326135582,0.22921078,0.457394926,0.412026843,-0.192843046,-0.130173842,0.14007316,785.7142857,794.1758242,802.6373626,794.5787546,822.7838828,795.7875458,0.095947,0.03656,0.973083,5.301056,0.441132,3.820648,1,1,1,1,1,65,
07:03.6,1.37498007,-0.05278828,0.466864297,1.008027716,1.13665622,-0.121380564,0.070366699,0.489601637,1.209397484,0.187261905,0.160112248,0.744198847,0.756109147,0.326135582,0.22921078,0.457394926,0.412026843,-0.192843046,-0.130173842,0.14007316,790.5494505,799.8168498,803.040293,797.8021978,767.5824176,666.043956,0.095947,0.03656,0.973083,5.301056,0.441132,3.820648,1,1,1,1,1,65,
07:03.6,1.37498007,-0.05278828,0.466864297,1.008027716,1.13665622,-0.121380564,0.070366699,0.489601637,1.209397484,0.187261905,0.160112248,0.744198847,0.756109147,0.326135582,0.22921078,0.457394926,0.412026843,-0.192843046,-0.130173842,0.14007316,800.2197802,803.040293,803.8461538,797.3992674,755.4945055,690.6227106,0.095947,0.03656,0.973083,5.301056,0.441132,3.820648,1,1,1,1,1,65,
07:03.6,1.37498007,-0.05278828,0.466864297,1.008027716,1.13665622,-0.121380564,0.070366699,0.489601637,1.209397484,0.187261905,0.160112248,0.744198847,0.756109147,0.326135582,0.22921078,0.457394926,0.412026843,-0.192843046,-0.130173842,0.14007316,807.0695971,797.8021978,801.025641,791.3553114,794.981685,841.7216117,0.095947,0.03656,0.973083,5.301056,0.441132,3.820648,1,1,1,1,1,65,
07:03.6,1.37498007,-0.05278828,0.466864297,1.008027716,1.13665622,-0.121380564,0.070366699,0.489601637,1.209397484,0.187261905,0.160112248,0.744198847,0.756109147,0.326135582,0.22921078,0.457394926,0.412026843,-0.192843046,-0.130173842,0.14007316,800.2197802,796.1904762,799.8168498,790.1465201,788.5347985,810.2930403,0.095947,0.03656,0.973083,5.301056,0.441132,3.820648,1,1,1,1,1,65,
07:03.6,1.37498007,-0.05278828,0.466864297,1.008027716,1.13665622,-0.121380564,0.070366699,0.489601637,1.209397484,0.187261905,0.160112248,0.744198847,0.756109147,0.326135582,0.22921078,0.457394926,0.412026843,-0.192843046,-0.130173842,0.14007316,778.8644689,790.1465201,803.040293,781.6849817,770,979.9267399,0.095947,0.03656,0.973083,5.301056,0.441132,3.820648,1,1,1,1,1,65,
07:03.6,1.37498007,-0.05278828,0.466864297,1.008027716,1.13665622,-0.121380564,0.070366699,0.489601637,1.209397484,0.187261905,0.160112248,0.744198847,0.756109147,0.326135582,0.22921078,0.457394926,0.412026843,-0.192843046,-0.130173842,0.14007316,765.1648352,783.6996337,805.0549451,768.7912088,724.4688645,993.6263736,0.095947,0.03656,0.973083,5.301056,0.441132,3.820648,1,1,1,1,1,65,
07:03.6,1.37498007,-0.05278828,0.466864297,1.008027716,1.13665622,-0.121380564,0.070366699,0.489601637,1.209397484,0.187261905,0.160112248,0.744198847,0.756109147,0.326135582,0.22921078,0.457394926,0.412026843,-0.192843046,-0.130173842,0.14007316,774.029304,787.3260073,806.6666667,771.6117216,699.0842491,880.8058608,0.095947,0.03656,0.973083,5.301056,0.441132,3.820648,1,1,1,1,1,65,
07:03.6,1.37498007,-0.05278828,0.466864297,1.008027716,1.13665622,-0.121380564,0.070366699,0.489601637,1.209397484,0.187261905,0.160112248,0.744198847,0.756109147,0.326135582,0.22921078,0.457394926,0.412026843,-0.192843046,-0.130173842,0.14007316,780.8791209,791.7582418,810.6959707,786.1172161,737.7655678,802.6373626,0.095947,0.03656,0.973083,5.301056,0.441132,3.820648,1,1,1,1,1,65,
07:03.6,1.37498007,-0.05278828,0.466864297,1.008027716,1.13665622,-0.121380564,0.070366699,0.489601637,1.209397484,0.187261905,0.160112248,0.744198847,0.756109147,0.326135582,0.22921078,0.457394926,0.412026843,-0.192843046,-0.130173842,0.14007316,768.7912088,786.1172161,811.0989011,792.1611722,786.5201465,710.7692308,0.095947,0.03656,0.973083,5.301056,0.441132,3.820648,1,1,1,1,1,65,
07:03.6,1.37498007,-0.05278828,0.466864297,1.008027716,1.13665622,-0.121380564,0.070366699,0.489601637,1.209397484,0.187261905,0.160112248,0.744198847,0.756109147,0.326135582,0.22921078,0.457394926,0.412026843,-0.192843046,-0.130173842,0.14007316,756.3003663,780.4761905,808.6813187,787.3260073,836.4835165,720.03663,0.095947,0.03656,0.973083,5.301056,0.441132,3.820648,1,1,1,1,1,65,
07:03.6,1.37498007,-0.05278828,0.466864297,1.008027716,1.13665622,-0.121380564,0.070366699,0.489601637,1.209397484,0.187261905,0.160112248,0.744198847,0.756109147,0.326135582,0.22921078,0.457394926,0.412026843,-0.192843046,-0.130173842,0.14007316,763.1501832,783.2967033,810.2930403,792.1611722,816.7399267,693.8461538,0.095947,0.03656,0.973083,5.301056,0.441132,3.820648,1,1,1,1,1,65,
07:03.6,1.37498007,-0.05278828,0.466864297,1.008027716,1.13665622,-0.121380564,0.070366699,0.489601637,1.209397484,0.187261905,0.160112248,0.744198847,0.756109147,0.326135582,0.22921078,0.457394926,0.412026843,-0.192843046,-0.130173842,0.14007316,776.043956,788.5347985,807.0695971,793.7728938,791.7582418,670.4761905,0.090088,0.024048,0.966187,5.846863,0.53833,2.863617,1,1,1,1,1,65,
07:03.6,1.37498007,-0.120609673,0.54126307,1.008027716,1.13665622,-0.144197151,0.052825435,0.489601637,1.209397484,0.180583918,0.166639315,0.744198847,0.756109147,0.301512449,0.227853018,0.457394926,0.412026843,-0.20250371,-0.174739489,0.14007316,780.4761905,789.3406593,804.2490842,786.5201465,812.7106227,726.4835165,0.090088,0.024048,0.966187,5.846863,0.53833,2.863617,1,1,1,1,1,65,
07:03.6,1.37498007,-0.120609673,0.54126307,1.008027716,1.13665622,-0.144197151,0.052825435,0.489601637,1.209397484,0.180583918,0.166639315,0.744198847,0.756109147,0.301512449,0.227853018,0.457394926,0.412026843,-0.20250371,-0.174739489,0.14007316,769.1941392,786.5201465,802.2344322,781.2820513,811.9047619,740.1831502,0.090088,0.024048,0.966187,5.846863,0.53833,2.863617,1,1,1,1,1,65,
07:03.6,1.37498007,-0.120609673,0.54126307,1.008027716,1.13665622,-0.144197151,0.052825435,0.489601637,1.209397484,0.180583918,0.166639315,0.744198847,0.756109147,0.301512449,0.227853018,0.457394926,0.412026843,-0.20250371,-0.174739489,0.14007316,759.5238095,786.5201465,802.2344322,777.6556777,799.010989,706.7399267,0.090088,0.024048,0.966187,5.846863,0.53833,2.863617,1,1,1,1,1,65,
07:03.6,1.37498007,-0.120609673,0.54126307,1.008027716,1.13665622,-0.144197151,0.052825435,0.489601637,1.209397484,0.180583918,0.166639315,0.744198847,0.756109147,0.301512449,0.227853018,0.457394926,0.412026843,-0.20250371,-0.174739489,0.14007316,759.9267399,784.9084249,801.8315018,775.6410256,783.2967033,682.5641026,0.090088,0.024048,0.966187,5.846863,0.53833,2.863617,1,1,1,1,1,65,
07:03.6,1.37498007,-0.120609673,0.54126307,1.008027716,1.13665622,-0.144197151,0.052825435,0.489601637,1.209397484,0.180583918,0.166639315,0.744198847,0.756109147,0.301512449,0.227853018,0.457394926,0.412026843,-0.20250371,-0.174739489,0.14007316,767.985348,786.9230769,801.025641,782.4908425,761.5384615,833.2600733,0.090088,0.024048,0.966187,5.846863,0.53833,2.863617,1,1,1,1,1,65,
07:03.6,1.37498007,-0.120609673,0.54126307,1.008027716,1.13665622,-0.144197151,0.052825435,0.489601637,1.209397484,0.180583918,0.166639315,0.744198847,0.756109147,0.301512449,0.227853018,0.457394926,0.412026843,-0.20250371,-0.174739489,0.14007316,780.8791209,790.952381,802.2344322,791.3553114,837.2893773,1132.234432,0.090088,0.024048,0.966187,5.846863,0.53833,2.863617,1,1,1,1,1,65,
07:03.6,1.37498007,-0.120609673,0.54126307,1.008027716,1.13665622,-0.144197151,0.052825435,0.489601637,1.209397484,0.180583918,0.166639315,0.744198847,0.756109147,0.301512449,0.227853018,0.457394926,0.412026843,-0.20250371,-0.174739489,0.14007316,782.4908425,789.3406593,800.6227106,796.1904762,891.2820513,1129.81685,0.090088,0.024048,0.966187,5.846863,0.53833,2.863617,1,1,1,1,1,65,
07:03.6,1.37498007,-0.120609673,0.54126307,1.008027716,1.13665622,-0.144197151,0.052825435,0.489601637,1.209397484,0.180583918,0.166639315,0.744198847,0.756109147,0.301512449,0.227853018,0.457394926,0.412026843,-0.20250371,-0.174739489,0.14007316,778.4615385,788.5347985,800.2197802,797.3992674,891.6849817,891.2820513,0.090088,0.024048,0.966187,5.846863,0.53833,2.863617,1,1,1,1,1,65,
07:03.6,1.37498007,-0.120609673,0.54126307,1.008027716,1.13665622,-0.144197151,0.052825435,0.489601637,1.209397484,0.180583918,0.166639315,0.744198847,0.756109147,0.301512449,0.227853018,0.457394926,0.412026843,-0.20250371,-0.174739489,0.14007316,783.2967033,783.6996337,799.8168498,793.3699634,853.8095238,762.7472527,0.090088,0.024048,0.966187,5.846863,0.53833,2.863617,1,1,1,1,1,65,
07:03.6,1.37498007,-0.120609673,0.54126307,1.008027716,1.13665622,-0.144197151,0.052825435,0.489601637,1.209397484,0.180583918,0.166639315,0.744198847,0.756109147,0.301512449,0.227853018,0.457394926,0.412026843,-0.20250371,-0.174739489,0.14007316,793.3699634,782.8937729,796.996337,792.1611722,846.1538462,758.7179487,0.090088,0.024048,0.966187,5.846863,0.53833,2.863617,1,1,1,1,1,65,
07:03.6,1.37498007,-0.120609673,0.54126307,1.008027716,1.13665622,-0.144197151,0.052825435,0.489601637,1.209397484,0.180583918,0.166639315,0.744198847,0.756109147,0.301512449,0.227853018,0.457394926,0.412026843,-0.20250371,-0.174739489,0.14007316,796.5934066,787.3260073,800.2197802,792.1611722,858.6446886,776.4468864,0.090088,0.024048,0.966187,5.846863,0.53833,2.863617,1,1,1,1,1,65,
07:03.6,1.37498007,-0.120609673,0.54126307,1.008027716,1.13665622,-0.144197151,0.052825435,0.489601637,1.209397484,0.180583918,0.166639315,0.744198847,0.756109147,0.301512449,0.227853018,0.457394926,0.412026843,-0.20250371,-0.174739489,0.14007316,788.1318681,787.7289377,805.4578755,792.967033,848.1684982,790.5494505,0.091797,0.020874,0.975769,5.390778,1.525269,3.342133,1,1,1,1,1,65,
07:03.6,1.37498007,-0.120609673,0.54126307,1.008027716,1.13665622,-0.144197151,0.052825435,0.489601637,1.209397484,0.180583918,0.166639315,0.744198847,0.756109147,0.301512449,0.227853018,0.457394926,0.412026843,-0.20250371,-0.174739489,0.14007316,779.6703297,789.7435897,801.4285714,790.5494505,809.0842491,759.1208791,0.091797,0.020874,0.975769,5.390778,1.525269,3.342133,1,1,1,1,1,65,
07:03.6,1.37498007,-0.120609673,0.54126307,1.008027716,1.13665622,-0.144197151,0.052825435,0.489601637,1.209397484,0.180583918,0.166639315,0.744198847,0.756109147,0.301512449,0.227853018,0.457394926,0.412026843,-0.20250371,-0.174739489,0.14007316,783.2967033,792.1611722,801.4285714,787.7289377,780.4761905,717.6190476,0.091797,0.020874,0.975769,5.390778,1.525269,3.342133,1,1,1,1,1,65,
07:03.6,1.37498007,-0.120609673,0.54126307,1.008027716,1.13665622,-0.144197151,0.052825435,0.489601637,1.209397484,0.180583918,0.166639315,0.744198847,0.756109147,0.301512449,0.227853018,0.457394926,0.412026843,-0.20250371,-0.174739489,0.14007316,794.1758242,791.7582418,803.040293,788.5347985,795.3846154,711.978022,0.091797,0.020874,0.975769,5.390778,1.525269,3.342133,1,1,1,1,1,65,
07:03.6,1.37498007,-0.120609673,0.54126307,1.008027716,1.13665622,-0.144197151,0.052825435,0.489601637,1.209397484,0.180583918,0.166639315,0.744198847,0.756109147,0.301512449,0.227853018,0.457394926,0.412026843,-0.20250371,-0.174739489,0.14007316,800.6227106,792.967033,803.4432234,792.967033,726.8864469,649.9267399,0.091797,0.020874,0.975769,5.390778,1.525269,3.342133,1,1,1,1,1,65,
07:03.6,1.37498007,-0.120609673,0.54126307,1.008027716,1.13665622,-0.144197151,0.052825435,0.489601637,1.209397484,0.180583918,0.166639315,0.744198847,0.756109147,0.301512449,0.227853018,0.457394926,0.412026843,-0.20250371,-0.174739489,0.14007316,794.1758242,796.1904762,808.2783883,796.1904762,788.5347985,912.2344322,0.091797,0.020874,0.975769,5.390778,1.525269,3.342133,1,1,1,1,1,65,
07:03.6,1.37498007,-0.120609673,0.54126307,1.008027716,1.13665622,-0.144197151,0.052825435,0.489601637,1.209397484,0.180583918,0.166639315,0.744198847,0.756109147,0.301512449,0.227853018,0.457394926,0.412026843,-0.20250371,-0.174739489,0.14007316,780.0732601,796.5934066,806.6666667,791.7582418,826.007326,1054.468864,0.091797,0.020874,0.975769,5.390778,1.525269,3.342133,1,1,1,1,1,65,
07:03.6,1.37498007,-0.120609673,0.54126307,1.008027716,1.13665622,-0.144197151,0.052825435,0.489601637,1.209397484,0.180583918,0.166639315,0.744198847,0.756109147,0.301512449,0.227853018,0.457394926,0.412026843,-0.20250371,-0.174739489,0.14007316,778.0586081,795.7875458,802.6373626,786.5201465,779.2673993,933.992674,0.091797,0.020874,0.975769,5.390778,1.525269,3.342133,1,1,1,1,1,65,
07:03.6,1.37498007,-0.120609673,0.54126307,1.008027716,1.13665622,-0.144197151,0.052825435,0.489601637,1.209397484,0.180583918,0.166639315,0.744198847,0.756109147,0.301512449,0.227853018,0.457394926,0.412026843,-0.20250371,-0.174739489,0.14007316,789.7435897,797.8021978,805.0549451,792.5641026,782.8937729,878.7912088,0.091797,0.020874,0.975769,5.390778,1.525269,3.342133,1,1,1,1,1,65,
07:03.6,1.37498007,-0.120609673,0.54126307,1.008027716,1.13665622,-0.144197151,0.052825435,0.489601637,1.209397484,0.180583918,0.166639315,0.744198847,0.756109147,0.301512449,0.227853018,0.457394926,0.412026843,-0.20250371,-0.174739489,0.14007316,802.2344322,799.4139194,805.8608059,797.3992674,784.9084249,840.9157509,0.091797,0.020874,0.975769,5.390778,1.525269,3.342133,1,1,1,1,1,65,
07:03.6,1.37498007,-0.120609673,0.54126307,1.008027716,1.13665622,-0.144197151,0.052825435,0.489601637,1.209397484,0.180583918,0.166639315,0.744198847,0.756109147,0.301512449,0.227853018,0.457394926,0.412026843,-0.20250371,-0.174739489,0.14007316,801.4285714,793.3699634,801.4285714,797.3992674,772.4175824,742.1978022,0.091797,0.020874,0.975769,5.390778,1.525269,3.342133,1,1,1,1,1,65,
07:03.6,1.37498007,-0.120609673,0.54126307,1.008027716,1.13665622,-0.144197151,0.052825435,0.489601637,1.209397484,0.180583918,0.166639315,0.744198847,0.756109147,0.301512449,0.227853018,0.457394926,0.412026843,-0.20250371,-0.174739489,0.14007316,792.1611722,792.5641026,801.025641,794.5787546,784.9084249,658.7912088,0.091797,0.020874,0.975769,5.390778,1.525269,3.342133,1,1,1,1,1,65,
07:03.7,1.37498007,-0.120609673,0.54126307,1.008027716,1.13665622,-0.144197151,0.052825435,0.489601637,1.209397484,0.180583918,0.166639315,0.744198847,0.756109147,0.301512449,0.227853018,0.457394926,0.412026843,-0.20250371,-0.174739489,0.14007316,792.1611722,793.7728938,803.8461538,790.1465201,777.6556777,706.7399267,0.093872,0.031189,0.970398,5.046844,1.622467,4.142151,1,1,1,1,1,65,
07:03.7,1.37498007,-0.120609673,0.54126307,1.008027716,1.13665622,-0.144197151,0.052825435,0.489601637,1.209397484,0.180583918,0.166639315,0.744198847,0.756109147,0.301512449,0.227853018,0.457394926,0.412026843,-0.20250371,-0.174739489,0.14007316,800.6227106,798.2051282,806.2637363,795.3846154,720.03663,686.996337,0.093872,0.031189,0.970398,5.046844,1.622467,4.142151,1,1,1,1,1,65,
07:03.7,1.37498007,-0.120609673,0.54126307,1.008027716,1.13665622,-0.144197151,0.052825435,0.489601637,1.209397484,0.180583918,0.166639315,0.744198847,0.756109147,0.301512449,0.227853018,0.457394926,0.412026843,-0.20250371,-0.174739489,0.14007316,805.0549451,801.025641,805.0549451,796.5934066,776.8498168,684.981685,0.093872,0.031189,0.970398,5.046844,1.622467,4.142151,1,1,1,1,1,65,
07:03.7,1.37498007,-0.106166868,0.588109682,1.008027716,1.13665622,-0.153491054,0.028508448,0.489601637,1.209397484,0.122680812,0.212973056,0.744198847,0.756109147,0.267282296,0.218991842,0.457394926,0.412026843,-0.217132674,-0.225244886,0.14007316,801.8315018,797.8021978,805.4578755,792.967033,855.8241758,757.1062271,0.093872,0.031189,0.970398,5.046844,1.622467,4.142151,1,1,1,1,1,65,
07:03.7,1.37498007,-0.106166868,0.588109682,1.008027716,1.13665622,-0.153491054,0.028508448,0.489601637,1.209397484,0.122680812,0.212973056,0.744198847,0.756109147,0.267282296,0.218991842,0.457394926,0.412026843,-0.217132674,-0.225244886,0.14007316,788.1318681,795.7875458,806.2637363,790.5494505,834.4688645,793.3699634,0.093872,0.031189,0.970398,5.046844,1.622467,4.142151,1,1,1,1,1,65,
07:03.7,1.37498007,-0.106166868,0.588109682,1.008027716,1.13665622,-0.153491054,0.028508448,0.489601637,1.209397484,0.122680812,0.212973056,0.744198847,0.756109147,0.267282296,0.218991842,0.457394926,0.412026843,-0.217132674,-0.225244886,0.14007316,782.4908425,798.2051282,808.2783883,793.3699634,848.1684982,985.970696,0.093872,0.031189,0.970398,5.046844,1.622467,4.142151,1,1,1,1,1,65,
07:03.7,1.37498007,-0.106166868,0.588109682,1.008027716,1.13665622,-0.153491054,0.028508448,0.489601637,1.209397484,0.122680812,0.212973056,0.744198847,0.756109147,0.267282296,0.218991842,0.457394926,0.412026843,-0.217132674,-0.225244886,0.14007316,795.3846154,803.040293,811.9047619,795.7875458,848.974359,1038.351648,0.093872,0.031189,0.970398,5.046844,1.622467,4.142151,1,1,1,1,1,65,
07:03.7,1.37498007,-0.106166868,0.588109682,1.008027716,1.13665622,-0.153491054,0.028508448,0.489601637,1.209397484,0.122680812,0.212973056,0.744198847,0.756109147,0.267282296,0.218991842,0.457394926,0.412026843,-0.217132674,-0.225244886,0.14007316,803.4432234,803.040293,813.5164835,794.1758242,827.2161172,851.7948718,0.093872,0.031189,0.970398,5.046844,1.622467,4.142151,1,1,1,1,1,65,
07:03.7,1.37498007,-0.106166868,0.588109682,1.008027716,1.13665622,-0.153491054,0.028508448,0.489601637,1.209397484,0.122680812,0.212973056,0.744198847,0.756109147,0.267282296,0.218991842,0.457394926,0.412026843,-0.217132674,-0.225244886,0.14007316,799.8168498,800.2197802,811.5018315,797.3992674,767.985348,724.8717949,0.093872,0.031189,0.970398,5.046844,1.622467,4.142151,1,1,1,1,1,65,
07:03.7,1.37498007,-0.106166868,0.588109682,1.008027716,1.13665622,-0.153491054,0.028508448,0.489601637,1.209397484,0.122680812,0.212973056,0.744198847,0.756109147,0.267282296,0.218991842,0.457394926,0.412026843,-0.217132674,-0.225244886,0.14007316,786.1172161,794.5787546,807.0695971,790.952381,762.3443223,778.8644689,0.093872,0.031189,0.970398,5.046844,1.622467,4.142151,1,1,1,1,1,65,
07:03.7,1.37498007,-0.106166868,0.588109682,1.008027716,1.13665622,-0.153491054,0.028508448,0.489601637,1.209397484,0.122680812,0.212973056,0.744198847,0.756109147,0.267282296,0.218991842,0.457394926,0.412026843,-0.217132674,-0.225244886,0.14007316,777.2527473,792.1611722,806.2637363,784.1025641,817.1428571,724.0659341,0.093872,0.031189,0.970398,5.046844,1.622467,4.142151,1,1,1,1,1,65,
07:03.7,1.37498007,-0.106166868,0.588109682,1.008027716,1.13665622,-0.153491054,0.028508448,0.489601637,1.209397484,0.122680812,0.212973056,0.744198847,0.756109147,0.267282296,0.218991842,0.457394926,0.412026843,-0.217132674,-0.225244886,0.14007316,786.9230769,797.8021978,805.8608059,786.9230769,797.3992674,684.1758242,0.093872,0.031189,0.970398,5.046844,1.622467,4.142151,1,1,1,1,1,65,
07:03.7,1.37498007,-0.106166868,0.588109682,1.008027716,1.13665622,-0.153491054,0.028508448,0.489601637,1.209397484,0.122680812,0.212973056,0.744198847,0.756109147,0.267282296,0.218991842,0.457394926,0.412026843,-0.217132674,-0.225244886,0.14007316,801.4285714,799.4139194,803.4432234,790.952381,805.8608059,833.6630037,0.095337,0.025513,0.956299,4.560852,1.562653,3.065491,1,1,1,1,1,65,
07:03.7,1.37498007,-0.106166868,0.588109682,1.008027716,1.13665622,-0.153491054,0.028508448,0.489601637,1.209397484,0.122680812,0.212973056,0.744198847,0.756109147,0.267282296,0.218991842,0.457394926,0.412026843,-0.217132674,-0.225244886,0.14007316,797.8021978,791.3553114,803.8461538,788.9377289,780.4761905,777.6556777,0.095337,0.025513,0.956299,4.560852,1.562653,3.065491,1,1,1,1,1,65,
07:03.7,1.37498007,-0.106166868,0.588109682,1.008027716,1.13665622,-0.153491054,0.028508448,0.489601637,1.209397484,0.122680812,0.212973056,0.744198847,0.756109147,0.267282296,0.218991842,0.457394926,0.412026843,-0.217132674,-0.225244886,0.14007316,781.6849817,790.1465201,805.4578755,779.6703297,757.9120879,676.1172161,0.095337,0.025513,0.956299,4.560852,1.562653,3.065491,1,1,1,1,1,65,
07:03.7,1.37498007,-0.106166868,0.588109682,1.008027716,1.13665622,-0.153491054,0.028508448,0.489601637,1.209397484,0.122680812,0.212973056,0.744198847,0.756109147,0.267282296,0.218991842,0.457394926,0.412026843,-0.217132674,-0.225244886,0.14007316,765.970696,790.1465201,801.8315018,775.2380952,771.2087912,647.9120879,0.095337,0.025513,0.956299,4.560852,1.562653,3.065491,1,1,1,1,1,65,
07:03.7,1.37498007,-0.106166868,0.588109682,1.008027716,1.13665622,-0.153491054,0.028508448,0.489601637,1.209397484,0.122680812,0.212973056,0.744198847,0.756109147,0.267282296,0.218991842,0.457394926,0.412026843,-0.217132674,-0.225244886,0.14007316,767.5824176,787.7289377,795.7875458,768.7912088,747.032967,716.4102564,0.095337,0.025513,0.956299,4.560852,1.562653,3.065491,1,1,1,1,1,65,
07:03.7,1.37498007,-0.106166868,0.588109682,1.008027716,1.13665622,-0.153491054,0.028508448,0.489601637,1.209397484,0.122680812,0.212973056,0.744198847,0.756109147,0.267282296,0.218991842,0.457394926,0.412026843,-0.217132674,-0.225244886,0.14007316,784.9084249,788.5347985,797.8021978,770.4029304,743.4065934,947.2893773,0.095337,0.025513,0.956299,4.560852,1.562653,3.065491,1,1,1,1,1,65,
07:03.7,1.37498007,-0.106166868,0.588109682,1.008027716,1.13665622,-0.153491054,0.028508448,0.489601637,1.209397484,0.122680812,0.212973056,0.744198847,0.756109147,0.267282296,0.218991842,0.457394926,0.412026843,-0.217132674,-0.225244886,0.14007316,799.4139194,791.7582418,805.4578755,788.1318681,820.3663004,1030.695971,0.095337,0.025513,0.956299,4.560852,1.562653,3.065491,1,1,1,1,1,65,
07:03.7,1.37498007,-0.106166868,0.588109682,1.008027716,1.13665622,-0.153491054,0.028508448,0.489601637,1.209397484,0.122680812,0.212973056,0.744198847,0.756109147,0.267282296,0.218991842,0.457394926,0.412026843,-0.217132674,-0.225244886,0.14007316,796.996337,794.1758242,807.0695971,794.981685,826.007326,1052.051282,0.095337,0.025513,0.956299,4.560852,1.562653,3.065491,1,1,1,1,1,65,
07:03.7,1.37498007,-0.106166868,0.588109682,1.008027716,1.13665622,-0.153491054,0.028508448,0.489601637,1.209397484,0.122680812,0.212973056,0.744198847,0.756109147,0.267282296,0.218991842,0.457394926,0.412026843,-0.217132674,-0.225244886,0.14007316,783.6996337,793.3699634,803.4432234,785.7142857,790.5494505,956.5567766,0.095337,0.025513,0.956299,4.560852,1.562653,3.065491,1,1,1,1,1,65,
07:03.7,1.37498007,-0.106166868,0.588109682,1.008027716,1.13665622,-0.153491054,0.028508448,0.489601637,1.209397484,0.122680812,0.212973056,0.744198847,0.756109147,0.267282296,0.218991842,0.457394926,0.412026843,-0.217132674,-0.225244886,0.14007316,784.5054945,792.5641026,799.8168498,777.2527473,716.007326,693.040293,0.095337,0.025513,0.956299,4.560852,1.562653,3.065491,1,1,1,1,1,65,
07:03.7,1.37498007,-0.106166868,0.588109682,1.008027716,1.13665622,-0.153491054,0.028508448,0.489601637,1.209397484,0.122680812,0.212973056,0.744198847,0.756109147,0.267282296,0.218991842,0.457394926,0.412026843,-0.217132674,-0.225244886,0.14007316,797.8021978,796.5934066,798.6080586,776.043956,729.3040293,596.3369963,0.095337,0.025513,0.956299,4.560852,1.562653,3.065491,1,1,1,1,1,65,
07:03.7,1.37498007,-0.106166868,0.588109682,1.008027716,1.13665622,-0.153491054,0.028508448,0.489601637,1.209397484,0.122680812,0.212973056,0.744198847,0.756109147,0.267282296,0.218991842,0.457394926,0.412026843,-0.217132674,-0.225244886,0.14007316,806.2637363,799.8168498,803.4432234,781.2820513,760.7326007,641.8681319,0.095337,0.025513,0.956299,4.560852,1.562653,3.065491,1,1,1,1,1,65,
07:03.8,1.37498007,-0.106166868,0.588109682,1.008027716,1.13665622,-0.153491054,0.028508448,0.489601637,1.209397484,0.122680812,0.212973056,0.744198847,0.756109147,0.267282296,0.218991842,0.457394926,0.412026843,-0.217132674,-0.225244886,0.14007316,797.3992674,796.1904762,805.0549451,792.1611722,761.1355311,678.5347985,0.095337,0.025513,0.956299,4.560852,1.562653,3.065491,1,1,1,1,1,65,
07:03.8,1.37498007,-0.106166868,0.588109682,1.008027716,1.13665622,-0.153491054,0.028508448,0.489601637,1.209397484,0.122680812,0.212973056,0.744198847,0.756109147,0.267282296,0.218991842,0.457394926,0.412026843,-0.217132674,-0.225244886,0.14007316,783.6996337,788.9377289,802.6373626,792.967033,844.1391941,726.0805861,0.095337,0.025513,0.956299,4.560852,1.562653,3.065491,1,1,1,1,1,65,
07:03.8,1.37498007,-0.106166868,0.588109682,1.008027716,1.13665622,-0.153491054,0.028508448,0.489601637,1.209397484,0.122680812,0.212973056,0.744198847,0.756109147,0.267282296,0.218991842,0.457394926,0.412026843,-0.217132674,-0.225244886,0.14007316,783.2967033,790.5494505,797.3992674,786.9230769,778.0586081,723.2600733,0.095337,0.025513,0.956299,4.560852,1.562653,3.065491,1,1,1,1,1,65,
07:03.8,1.37498007,-0.106166868,0.588109682,1.008027716,1.13665622,-0.153491054,0.028508448,0.489601637,1.209397484,0.122680812,0.212973056,0.744198847,0.756109147,0.267282296,0.218991842,0.457394926,0.412026843,-0.217132674,-0.225244886,0.14007316,792.1611722,796.5934066,799.010989,792.967033,728.9010989,732.1245421,0.095337,0.025513,0.956299,4.560852,1.562653,3.065491,1,1,1,1,1,65,
07:03.8,1.37498007,-0.106166868,0.588109682,1.008027716,1.13665622,-0.153491054,0.028508448,0.489601637,1.209397484,0.122680812,0.212973056,0.744198847,0.756109147,0.267282296,0.218991842,0.457394926,0.412026843,-0.217132674,-0.225244886,0.14007316,793.7728938,801.8315018,807.4725275,798.6080586,751.4652015,749.4505495,0.095337,0.025513,0.956299,4.560852,1.562653,3.065491,1,1,1,1,1,65,
07:03.8,1.37498007,-0.046515611,0.617648397,1.008027716,1.13665622,-0.154280856,0.006957868,0.489601637,1.209397484,0.033981801,0.247951511,0.744198847,0.756109147,0.223610388,0.20236936,0.457394926,0.412026843,-0.238110504,-0.273202121,0.14007316,783.6996337,802.6373626,806.2637363,793.3699634,734.9450549,938.021978,0.095337,0.025513,0.956299,4.560852,1.562653,3.065491,1,1,1,1,1,65,
07:03.8,1.37498007,-0.046515611,0.617648397,1.008027716,1.13665622,-0.154280856,0.006957868,0.489601637,1.209397484,0.033981801,0.247951511,0.744198847,0.756109147,0.223610388,0.20236936,0.457394926,0.412026843,-0.238110504,-0.273202121,0.14007316,780.4761905,800.2197802,799.8168498,788.1318681,760.3296703,967.4358974,0.095337,0.025513,0.956299,4.560852,1.562653,3.065491,1,1,1,1,1,65,
07:03.8,1.37498007,-0.046515611,0.617648397,1.008027716,1.13665622,-0.154280856,0.006957868,0.489601637,1.209397484,0.033981801,0.247951511,0.744198847,0.756109147,0.223610388,0.20236936,0.457394926,0.412026843,-0.238110504,-0.273202121,0.14007316,778.0586081,799.010989,792.5641026,780.0732601,689.010989,694.2490842,0.095337,0.025513,0.956299,4.560852,1.562653,3.065491,1,1,1,1,1,65,
07:03.8,1.37498007,-0.046515611,0.617648397,1.008027716,1.13665622,-0.154280856,0.006957868,0.489601637,1.209397484,0.033981801,0.247951511,0.744198847,0.756109147,0.223610388,0.20236936,0.457394926,0.412026843,-0.238110504,-0.273202121,0.14007316,776.4468864,793.7728938,789.7435897,779.6703297,647.1062271,533.8827839,0.095337,0.025513,0.956299,4.560852,1.562653,3.065491,1,1,1,1,1,65,
07:03.8,1.37498007,-0.046515611,0.617648397,1.008027716,1.13665622,-0.154280856,0.006957868,0.489601637,1.209397484,0.033981801,0.247951511,0.744198847,0.756109147,0.223610388,0.20236936,0.457394926,0.412026843,-0.238110504,-0.273202121,0.14007316,782.8937729,795.3846154,790.952381,784.1025641,787.7289377,703.1135531,0.095337,0.025513,0.956299,4.560852,1.562653,3.065491,1,1,1,1,1,65,
07:03.8,1.37498007,-0.046515611,0.617648397,1.008027716,1.13665622,-0.154280856,0.006957868,0.489601637,1.209397484,0.033981801,0.247951511,0.744198847,0.756109147,0.223610388,0.20236936,0.457394926,0.412026843,-0.238110504,-0.273202121,0.14007316,784.5054945,798.2051282,795.3846154,788.9377289,823.5897436,716.8131868,0.095337,0.025513,0.956299,4.560852,1.562653,3.065491,1,1,1,1,1,65,
07:03.8,1.37498007,-0.046515611,0.617648397,1.008027716,1.13665622,-0.154280856,0.006957868,0.489601637,1.209397484,0.033981801,0.247951511,0.744198847,0.756109147,0.223610388,0.20236936,0.457394926,0.412026843,-0.238110504,-0.273202121,0.14007316,774.8351648,792.1611722,795.7875458,784.5054945,761.5384615,635.8241758,0.095337,0.025513,0.956299,4.560852,1.562653,3.065491,1,1,1,1,1,65,
07:03.8,1.37498007,-0.046515611,0.617648397,1.008027716,1.13665622,-0.154280856,0.006957868,0.489601637,1.209397484,0.033981801,0.247951511,0.744198847,0.756109147,0.223610388,0.20236936,0.457394926,0.412026843,-0.238110504,-0.273202121,0.14007316,778.4615385,790.952381,792.5641026,784.9084249,813.1135531,680.952381,0.096008,0.020447,0.96698,4.628143,0.448608,3.955231,1,1,1,1,1,65,
07:03.8,1.37498007,-0.046515611,0.617648397,1.008027716,1.13665622,-0.154280856,0.006957868,0.489601637,1.209397484,0.033981801,0.247951511,0.744198847,0.756109147,0.223610388,0.20236936,0.457394926,0.412026843,-0.238110504,-0.273202121,0.14007316,789.7435897,792.1611722,794.1758242,790.1465201,869.9267399,750.2564103,0.096008,0.020447,0.96698,4.628143,0.448608,3.955231,1,1,1,1,1,65,
07:03.8,1.37498007,-0.046515611,0.617648397,1.008027716,1.13665622,-0.154280856,0.006957868,0.489601637,1.209397484,0.033981801,0.247951511,0.744198847,0.756109147,0.223610388,0.20236936,0.457394926,0.412026843,-0.238110504,-0.273202121,0.14007316,796.5934066,793.3699634,795.3846154,790.952381,839.7069597,751.4652015,0.096008,0.020447,0.96698,4.628143,0.448608,3.955231,1,1,1,1,1,65,
07:03.8,1.37498007,-0.046515611,0.617648397,1.008027716,1.13665622,-0.154280856,0.006957868,0.489601637,1.209397484,0.033981801,0.247951511,0.744198847,0.756109147,0.223610388,0.20236936,0.457394926,0.412026843,-0.238110504,-0.273202121,0.14007316,796.5934066,798.6080586,796.996337,793.3699634,848.5714286,742.1978022,0.096008,0.020447,0.96698,4.628143,0.448608,3.955231,1,1,1,1,1,65,
07:03.8,1.37498007,-0.046515611,0.617648397,1.008027716,1.13665622,-0.154280856,0.006957868,0.489601637,1.209397484,0.033981801,0.247951511,0.744198847,0.756109147,0.223610388,0.20236936,0.457394926,0.412026843,-0.238110504,-0.273202121,0.14007316,785.7142857,798.2051282,796.5934066,790.1465201,838.0952381,834.4688645,0.096008,0.020447,0.96698,4.628143,0.448608,3.955231,1,1,1,1,1,65,
07:03.8,1.37498007,-0.046515611,0.617648397,1.008027716,1.13665622,-0.154280856,0.006957868,0.489601637,1.209397484,0.033981801,0.247951511,0.744198847,0.756109147,0.223610388,0.20236936,0.457394926,0.412026843,-0.238110504,-0.273202121,0.14007316,776.4468864,798.6080586,796.1904762,787.3260073,792.5641026,1003.296703,0.096008,0.020447,0.96698,4.628143,0.448608,3.955231,1,1,1,1,1,65,
07:03.8,1.37498007,-0.046515611,0.617648397,1.008027716,1.13665622,-0.154280856,0.006957868,0.489601637,1.209397484,0.033981801,0.247951511,0.744198847,0.756109147,0.223610388,0.20236936,0.457394926,0.412026843,-0.238110504,-0.273202121,0.14007316,784.5054945,798.2051282,795.3846154,784.1025641,745.018315,934.3956044,0.096008,0.020447,0.96698,4.628143,0.448608,3.955231,1,1,1,1,1,65,
07:03.8,1.37498007,-0.046515611,0.617648397,1.008027716,1.13665622,-0.154280856,0.006957868,0.489601637,1.209397484,0.033981801,0.247951511,0.744198847,0.756109147,0.223610388,0.20236936,0.457394926,0.412026843,-0.238110504,-0.273202121,0.14007316,802.2344322,793.3699634,795.3846154,790.1465201,713.5897436,934.3956044,0.096008,0.020447,0.96698,4.628143,0.448608,3.955231,1,1,1,1,1,65,
07:03.8,1.37498007,-0.046515611,0.617648397,1.008027716,1.13665622,-0.154280856,0.006957868,0.489601637,1.209397484,0.033981801,0.247951511,0.744198847,0.756109147,0.223610388,0.20236936,0.457394926,0.412026843,-0.238110504,-0.273202121,0.14007316,799.010989,794.5787546,794.981685,803.040293,793.3699634,1034.725275,0.096008,0.020447,0.96698,4.628143,0.448608,3.955231,1,1,1,1,1,65,
07:03.8,1.37498007,-0.046515611,0.617648397,1.008027716,1.13665622,-0.154280856,0.006957868,0.489601637,1.209397484,0.033981801,0.247951511,0.744198847,0.756109147,0.223610388,0.20236936,0.457394926,0.412026843,-0.238110504,-0.273202121,0.14007316,782.8937729,794.5787546,793.7728938,800.6227106,818.7545788,826.8131868,0.096008,0.020447,0.96698,4.628143,0.448608,3.955231,1,1,1,1,1,65,
07:03.8,1.37498007,-0.046515611,0.617648397,1.008027716,1.13665622,-0.154280856,0.006957868,0.489601637,1.209397484,0.033981801,0.247951511,0.744198847,0.756109147,0.223610388,0.20236936,0.457394926,0.412026843,-0.238110504,-0.273202121,0.14007316,785.7142857,792.967033,793.3699634,791.3553114,803.4432234,645.4945055,0.096008,0.020447,0.96698,4.628143,0.448608,3.955231,1,1,1,1,1,65,
07:03.8,1.37498007,-0.046515611,0.617648397,1.008027716,1.13665622,-0.154280856,0.006957868,0.489601637,1.209397484,0.033981801,0.247951511,0.744198847,0.756109147,0.223610388,0.20236936,0.457394926,0.412026843,-0.238110504,-0.273202121,0.14007316,792.5641026,792.967033,794.1758242,790.5494505,775.6410256,639.4505495,0.096008,0.020447,0.96698,4.628143,0.448608,3.955231,1,1,1,1,1,65,
07:03.9,1.37498007,-0.046515611,0.617648397,1.008027716,1.13665622,-0.154280856,0.006957868,0.489601637,1.209397484,0.033981801,0.247951511,0.744198847,0.756109147,0.223610388,0.20236936,0.457394926,0.412026843,-0.238110504,-0.273202121,0.14007316,796.5934066,794.5787546,791.7582418,791.3553114,830.8424908,720.4395604,0.100098,0.035034,0.969238,5.33844,0.822449,4.882355,1,1,1,1,1,65,
07:03.9,1.37498007,-0.046515611,0.617648397,1.008027716,1.13665622,-0.154280856,0.006957868,0.489601637,1.209397484,0.033981801,0.247951511,0.744198847,0.756109147,0.223610388,0.20236936,0.457394926,0.412026843,-0.238110504,-0.273202121,0.14007316,801.4285714,797.8021978,793.3699634,797.3992674,895.7142857,809.0842491,0.100098,0.035034,0.969238,5.33844,0.822449,4.882355,1,1,1,1,1,65,
07:03.9,1.37498007,-0.046515611,0.617648397,1.008027716,1.13665622,-0.154280856,0.006957868,0.489601637,1.209397484,0.033981801,0.247951511,0.744198847,0.756109147,0.223610388,0.20236936,0.457394926,0.412026843,-0.238110504,-0.273202121,0.14007316,794.5787546,795.3846154,797.8021978,796.1904762,863.8827839,789.3406593,0.100098,0.035034,0.969238,5.33844,0.822449,4.882355,1,1,1,1,1,65,
07:03.9,1.37498007,-0.046515611,0.617648397,1.008027716,1.13665622,-0.154280856,0.006957868,0.489601637,1.209397484,0.033981801,0.247951511,0.744198847,0.756109147,0.223610388,0.20236936,0.457394926,0.412026843,-0.238110504,-0.273202121,0.14007316,784.9084249,791.7582418,793.7728938,788.9377289,815.5311355,706.3369963,0.100098,0.035034,0.969238,5.33844,0.822449,4.882355,1,1,1,1,1,65,
07:03.9,1.37498007,-0.046515611,0.617648397,1.008027716,1.13665622,-0.154280856,0.006957868,0.489601637,1.209397484,0.033981801,0.247951511,0.744198847,0.756109147,0.223610388,0.20236936,0.457394926,0.412026843,-0.238110504,-0.273202121,0.14007316,790.5494505,793.7728938,789.3406593,791.3553114,722.4542125,662.8205128,0.100098,0.035034,0.969238,5.33844,0.822449,4.882355,1,1,1,1,1,65,
07:03.9,1.37498007,-0.046515611,0.617648397,1.008027716,1.13665622,-0.154280856,0.006957868,0.489601637,1.209397484,0.033981801,0.247951511,0.744198847,0.756109147,0.223610388,0.20236936,0.457394926,0.412026843,-0.238110504,-0.273202121,0.14007316,795.7875458,792.1611722,788.1318681,792.967033,707.9487179,940.03663,0.100098,0.035034,0.969238,5.33844,0.822449,4.882355,1,1,1,1,1,65,
07:03.9,1.37498007,-0.046515611,0.617648397,1.008027716,1.13665622,-0.154280856,0.006957868,0.489601637,1.209397484,0.033981801,0.247951511,0.744198847,0.756109147,0.223610388,0.20236936,0.457394926,0.412026843,-0.238110504,-0.273202121,0.14007316,797.8021978,785.7142857,792.5641026,799.010989,802.2344322,1108.058608,0.100098,0.035034,0.969238,5.33844,0.822449,4.882355,1,1,1,1,1,65,
07:03.9,1.37498007,0.01961924,0.638812117,1.008027716,1.13665622,-0.151237529,0.001815066,0.489601637,1.209397484,0.047971309,0.264307458,0.744198847,0.756109147,0.17441764,0.182321764,0.457394926,0.412026843,-0.2654578,-0.311766868,0.14007316,785.7142857,778.0586081,791.7582418,796.5934066,792.1611722,835.6776557,0.100098,0.035034,0.969238,5.33844,0.822449,4.882355,1,1,1,1,1,65,
07:03.9,1.37498007,0.01961924,0.638812117,1.008027716,1.13665622,-0.151237529,0.001815066,0.489601637,1.209397484,0.047971309,0.264307458,0.744198847,0.756109147,0.17441764,0.182321764,0.457394926,0.412026843,-0.2654578,-0.311766868,0.14007316,778.0586081,782.8937729,794.1758242,784.5054945,791.3553114,732.9304029,0.100098,0.035034,0.969238,5.33844,0.822449,4.882355,1,1,1,1,1,65,
07:03.9,1.37498007,0.01961924,0.638812117,1.008027716,1.13665622,-0.151237529,0.001815066,0.489601637,1.209397484,0.047971309,0.264307458,0.744198847,0.756109147,0.17441764,0.182321764,0.457394926,0.412026843,-0.2654578,-0.311766868,0.14007316,785.7142857,786.1172161,797.8021978,783.2967033,801.025641,814.7252747,0.100098,0.035034,0.969238,5.33844,0.822449,4.882355,1,1,1,1,1,65,
07:03.9,1.37498007,0.01961924,0.638812117,1.008027716,1.13665622,-0.151237529,0.001815066,0.489601637,1.209397484,0.047971309,0.264307458,0.744198847,0.756109147,0.17441764,0.182321764,0.457394926,0.412026843,-0.2654578,-0.311766868,0.14007316,798.2051282,788.5347985,797.3992674,790.5494505,806.6666667,739.7802198,0.100098,0.035034,0.969238,5.33844,0.822449,4.882355,1,1,1,1,1,65,
07:03.9,1.37498007,0.01961924,0.638812117,1.008027716,1.13665622,-0.151237529,0.001815066,0.489601637,1.209397484,0.047971309,0.264307458,0.744198847,0.756109147,0.17441764,0.182321764,0.457394926,0.412026843,-0.2654578,-0.311766868,0.14007316,804.2490842,794.981685,796.996337,790.1465201,803.4432234,696.2637363,0.100098,0.035034,0.969238,5.33844,0.822449,4.882355,1,1,1,1,1,65,
07:03.9,1.37498007,0.01961924,0.638812117,1.008027716,1.13665622,-0.151237529,0.001815066,0.489601637,1.209397484,0.047971309,0.264307458,0.744198847,0.756109147,0.17441764,0.182321764,0.457394926,0.412026843,-0.2654578,-0.311766868,0.14007316,792.967033,790.5494505,796.1904762,783.2967033,840.1098901,792.967033,0.105957,0.037292,0.977295,4.680481,0.844879,4.478607,1,1,1,1,1,65,
07:03.9,1.37498007,0.01961924,0.638812117,1.008027716,1.13665622,-0.151237529,0.001815066,0.489601637,1.209397484,0.047971309,0.264307458,0.744198847,0.756109147,0.17441764,0.182321764,0.457394926,0.412026843,-0.2654578,-0.311766868,0.14007316,786.9230769,786.5201465,793.3699634,776.043956,836.4835165,786.5201465,0.105957,0.037292,0.977295,4.680481,0.844879,4.478607,1,1,1,1,1,65,
07:03.9,1.37498007,0.01961924,0.638812117,1.008027716,1.13665622,-0.151237529,0.001815066,0.489601637,1.209397484,0.047971309,0.264307458,0.744198847,0.756109147,0.17441764,0.182321764,0.457394926,0.412026843,-0.2654578,-0.311766868,0.14007316,791.3553114,790.5494505,791.7582418,774.029304,695.4578755,624.9450549,0.105957,0.037292,0.977295,4.680481,0.844879,4.478607,1,1,1,1,1,65,
07:03.9,1.37498007,0.01961924,0.638812117,1.008027716,1.13665622,-0.151237529,0.001815066,0.489601637,1.209397484,0.047971309,0.264307458,0.744198847,0.756109147,0.17441764,0.182321764,0.457394926,0.412026843,-0.2654578,-0.311766868,0.14007316,797.8021978,791.7582418,791.3553114,779.2673993,679.3406593,665.6410256,0.105957,0.037292,0.977295,4.680481,0.844879,4.478607,1,1,1,1,1,65,
07:03.9,1.37498007,0.01961924,0.638812117,1.008027716,1.13665622,-0.151237529,0.001815066,0.489601637,1.209397484,0.047971309,0.264307458,0.744198847,0.756109147,0.17441764,0.182321764,0.457394926,0.412026843,-0.2654578,-0.311766868,0.14007316,799.8168498,792.1611722,792.1611722,789.7435897,810.6959707,746.2271062,0.105957,0.037292,0.977295,4.680481,0.844879,4.478607,1,1,1,1,1,65,
07:03.9,1.37498007,0.01961924,0.638812117,1.008027716,1.13665622,-0.151237529,0.001815066,0.489601637,1.209397484,0.047971309,0.264307458,0.744198847,0.756109147,0.17441764,0.182321764,0.457394926,0.412026843,-0.2654578,-0.311766868,0.14007316,792.1611722,790.1465201,799.4139194,793.7728938,789.7435897,881.6117216,0.105957,0.037292,0.977295,4.680481,0.844879,4.478607,1,1,1,1,1,65,
07:03.9,1.37498007,0.01961924,0.638812117,1.008027716,1.13665622,-0.151237529,0.001815066,0.489601637,1.209397484,0.047971309,0.264307458,0.744198847,0.756109147,0.17441764,0.182321764,0.457394926,0.412026843,-0.2654578,-0.311766868,0.14007316,781.6849817,780.8791209,801.025641,788.9377289,763.5531136,982.7472527,0.105957,0.037292,0.977295,4.680481,0.844879,4.478607,1,1,1,1,1,65,
07:03.9,1.37498007,0.01961924,0.638812117,1.008027716,1.13665622,-0.151237529,0.001815066,0.489601637,1.209397484,0.047971309,0.264307458,0.744198847,0.756109147,0.17441764,0.182321764,0.457394926,0.412026843,-0.2654578,-0.311766868,0.14007316,777.6556777,781.2820513,796.996337,787.3260073,802.2344322,1070.18315,0.105957,0.037292,0.977295,4.680481,0.844879,4.478607,1,1,1,1,1,65,
07:03.9,1.37498007,0.01961924,0.638812117,1.008027716,1.13665622,-0.151237529,0.001815066,0.489601637,1.209397484,0.047971309,0.264307458,0.744198847,0.756109147,0.17441764,0.182321764,0.457394926,0.412026843,-0.2654578,-0.311766868,0.14007316,782.4908425,788.5347985,796.5934066,784.9084249,823.1868132,943.6630037,0.105957,0.037292,0.977295,4.680481,0.844879,4.478607,1,1,1,1,1,65,
07:03.9,1.37498007,0.01961924,0.638812117,1.008027716,1.13665622,-0.151237529,0.001815066,0.489601637,1.209397484,0.047971309,0.264307458,0.744198847,0.756109147,0.17441764,0.182321764,0.457394926,0.412026843,-0.2654578,-0.311766868,0.14007316,790.952381,792.1611722,794.981685,785.7142857,794.981685,705.5311355,0.105957,0.037292,0.977295,4.680481,0.844879,4.478607,1,1,1,1,1,65,
07:03.9,1.37498007,0.01961924,0.638812117,1.008027716,1.13665622,-0.151237529,0.001815066,0.489601637,1.209397484,0.047971309,0.264307458,0.744198847,0.756109147,0.17441764,0.182321764,0.457394926,0.412026843,-0.2654578,-0.311766868,0.14007316,784.1025641,791.3553114,795.7875458,786.9230769,809.0842491,715.6043956,0.105957,0.037292,0.977295,4.680481,0.844879,4.478607,1,1,1,1,1,65,
07:03.9,1.37498007,0.01961924,0.638812117,1.008027716,1.13665622,-0.151237529,0.001815066,0.489601637,1.209397484,0.047971309,0.264307458,0.744198847,0.756109147,0.17441764,0.182321764,0.457394926,0.412026843,-0.2654578,-0.311766868,0.14007316,776.4468864,789.3406593,800.6227106,785.7142857,829.2307692,777.2527473,0.105957,0.037292,0.977295,4.680481,0.844879,4.478607,1,1,1,1,1,65,
07:04.0,1.37498007,0.01961924,0.638812117,1.008027716,1.13665622,-0.151237529,0.001815066,0.489601637,1.209397484,0.047971309,0.264307458,0.744198847,0.756109147,0.17441764,0.182321764,0.457394926,0.412026843,-0.2654578,-0.311766868,0.14007316,786.1172161,791.7582418,799.4139194,781.6849817,806.6666667,883.2234432,0.101624,0.034851,0.97699,4.366455,1.510315,3.678589,1,1,1,1,1,65,
07:04.0,1.37498007,0.01961924,0.638812117,1.008027716,1.13665622,-0.151237529,0.001815066,0.489601637,1.209397484,0.047971309,0.264307458,0.744198847,0.756109147,0.17441764,0.182321764,0.457394926,0.412026843,-0.2654578,-0.311766868,0.14007316,802.2344322,790.952381,797.8021978,784.1025641,798.2051282,811.5018315,0.101624,0.034851,0.97699,4.366455,1.510315,3.678589,1,1,1,1,1,65,
07:04.0,1.37498007,0.01961924,0.638812117,1.008027716,1.13665622,-0.151237529,0.001815066,0.489601637,1.209397484,0.047971309,0.264307458,0.744198847,0.756109147,0.17441764,0.182321764,0.457394926,0.412026843,-0.2654578,-0.311766868,0.14007316,808.6813187,789.7435897,801.4285714,794.981685,826.8131868,743.8095238,0.101624,0.034851,0.97699,4.366455,1.510315,3.678589,1,1,1,1,1,65,
07:04.0,1.37498007,0.01961924,0.638812117,1.008027716,1.13665622,-0.151237529,0.001815066,0.489601637,1.209397484,0.047971309,0.264307458,0.744198847,0.756109147,0.17441764,0.182321764,0.457394926,0.412026843,-0.2654578,-0.311766868,0.14007316,798.6080586,792.967033,807.0695971,797.8021978,808.2783883,733.7362637,0.101624,0.034851,0.97699,4.366455,1.510315,3.678589,1,1,1,1,1,65,
